prompt_id,category,subcategory,length_type,prompt,source_split,source_folder,source_file,source_index
T2MB_0001,Dynamics,Dance,long,"Starting in a deep crouch, the dancer places both hands on the floor. They kick their legs out behind them to a plank position, then quickly jump their feet back toward their hands. They explode upward, leaping straight into the air with arms reaching fully toward the ceiling.",text_dataset,2-dance,text_dataset/2-dance/001.txt,1
T2MB_0002,Dynamics,Dance,long,The dancer stands on one leg while the other leg is tucked with the foot at the knee. They slowly rotate their entire body to the right. Both arms are held in a soft circle in front of the chest throughout the entire slow turn.,text_dataset,2-dance,text_dataset/2-dance/002.txt,1
T2MB_0003,Dynamics,Dance,long,"With feet close together, the dancer slides their right foot back while the left heel lifts. As the right foot reaches far back, they quickly switch feet, sliding the left foot back. This creates a smooth backpedaling motion while the arms swing naturally at the sides.",text_dataset,2-dance,text_dataset/2-dance/003.txt,1
T2MB_0004,Dynamics,Dance,long,"The dancer leans their torso far to the left while extending the right arm over their head. They sweep the right arm in a wide circle down toward the floor and up again. As the arm rises, the torso follows until the body is standing upright again.",text_dataset,2-dance,text_dataset/2-dance/004.txt,1
T2MB_0005,Dynamics,Dance,long,"Standing firmly, the dancer kicks the right leg forward and snaps the left arm across the waist. The torso twists sharply to the right while the head remains facing forward. The body then lunges onto the left leg, sweeping both arms in a wide arc over the head.",text_dataset,2-dance,text_dataset/2-dance/005.txt,1
T2MB_0006,Dynamics,Dance,long,"The body begins in a crouch. The dancer hops onto the balls of the feet, crossing the right ankle over the left. Simultaneously, the arms cross at the wrists in front of the chest. The feet jump wide apart as the arms explode outward into a high V-shape.",text_dataset,2-dance,text_dataset/2-dance/006.txt,1
T2MB_0007,Dynamics,Dance,long,"The dancer raises the right knee high while the left arm swings forward and the right arm pulls back. Releasing the leg, the person performs a series of small, rapid steps backward on the toes. The upper body remains rigid while the head tilts slightly side to side.",text_dataset,2-dance,text_dataset/2-dance/007.txt,1
T2MB_0008,Dynamics,Dance,long,"Starting with feet together, the dancer slides the right foot out into a wide stance. The torso leans low toward the right knee while the left arm reaches toward the opposite wall. The body then rolls upward through the spine, ending with the chest pressed forward.",text_dataset,2-dance,text_dataset/2-dance/008.txt,1
T2MB_0009,Dynamics,Dance,long,The performer stands with feet together then steps the right foot out wide while the right arm sweeps a low arc. The torso leans left as the left arm reaches toward the ceiling. They pull both elbows into the ribs while jumping to bring the feet back together.,text_dataset,2-dance,text_dataset/2-dance/009.txt,1
T2MB_0010,Dynamics,Dance,long,"Starting in a deep crouch, the dancer thrusts their chest forward and pulls the shoulders back. They step back on the left foot while the right arm punches toward the floor. The head snaps to the right as they drag the right foot across the ground to close.",text_dataset,2-dance,text_dataset/2-dance/010.txt,1
T2MB_0011,Dynamics,Dance,long,"The body stands tall with arms reaching overhead. The right leg lifts into a side kick while the torso tilts left to balance. As the leg lowers, the dancer performs a rapid spin to the right on the balls of the feet with arms tucked into the chest.",text_dataset,2-dance,text_dataset/2-dance/011.txt,1
T2MB_0012,Dynamics,Dance,long,"The dancer begins on one knee with the opposite leg extended behind. They push off the floor to stand, sweeping both arms upward in a circular path. They step forward with the left foot, sinking into a deep lunge while the right arm reaches forward and down.",text_dataset,2-dance,text_dataset/2-dance/012.txt,1
T2MB_0013,Dynamics,Dance,long,The torso leans forward while the hips sway toward the right. The hands rest on the thighs as the dancer steps the left foot back and then forwards. They straighten the spine and raise both hands rapidly toward the chin before spreading the arms wide and low.,text_dataset,2-dance,text_dataset/2-dance/013.txt,1
T2MB_0014,Dynamics,Dance,long,"From a squat, the body leaps upward while the arms swing wide to the sides. The legs tuck toward the chest at the peak of the jump. After landing softly on both feet, the torso leans forward and the right arm sweeps across the floor in a semi-circle.",text_dataset,2-dance,text_dataset/2-dance/014.txt,1
T2MB_0015,Dynamics,Dance,long,"The dancer stands on the left leg while the right knee lifts high. The right foot then strikes the ground firmly. Both arms pump up and down at the sides with bent elbows, followed by a quick shift of weight as the hips sway toward the right side.",text_dataset,2-dance,text_dataset/2-dance/015.txt,1
T2MB_0016,Dynamics,Dance,long,"Starting with feet together, the left leg slides out to the side while the torso tilts the opposite way. Both arms extend fully above the head. The dancer then pulls the left foot back in, bending both knees into a deep crouch while the arms drop to the shins.",text_dataset,2-dance,text_dataset/2-dance/016.txt,1
T2MB_0017,Dynamics,Dance,long,"The upper body leans back as the right leg kicks forward with a straight knee. The arms reach out in front of the chest. Stepping forward onto the right foot, the body rotates to the right, arms pulling tight to the torso before expanding outward to the sides.",text_dataset,2-dance,text_dataset/2-dance/017.txt,1
T2MB_0018,Dynamics,Dance,long,"The dancer balances on the balls of the feet, stepping rapidly in place. The arms are held straight out at shoulder height. The torso shimmies back and forth with quick, small vibrations while the head remains steady and the gaze stays focused forward.",text_dataset,2-dance,text_dataset/2-dance/018.txt,1
T2MB_0019,Dynamics,Dance,long,The dancer stands with feet together then steps the left foot wide while sweeping the right arm across the chest. The hips shift right as the left arm reaches high. The body rotates toward the right side while the arms drop and the knees bend deeply into a squat.,text_dataset,2-dance,text_dataset/2-dance/019.txt,1
T2MB_0020,Dynamics,Dance,long,From a standing position the dancer lifts the right knee high toward the chest while the left arm reaches forward. The right foot steps back firmly as the torso leans forward. Both arms sweep in a broad circle toward the left before the body returns to a neutral upright stance.,text_dataset,2-dance,text_dataset/2-dance/020.txt,1
T2MB_0021,Dynamics,Dance,long,The dancer stands on the balls of the feet with arms rounded in front. They step forward with the right foot and extend the left leg straight back into the air. The torso leans forward as the arms open wide to the sides for balance before the back leg lowers.,text_dataset,2-dance,text_dataset/2-dance/021.txt,1
T2MB_0022,Dynamics,Dance,long,The dancer stands with feet together then steps the right leg out wide into a deep bend. Both arms sweep from the floor upward to the ceiling. The head follows the hands as the body stretches tall and the heels lift off the ground.,text_dataset,2-dance,text_dataset/2-dance/022.txt,1
T2MB_0023,Dynamics,Dance,long,"Starting from a crouch, the person thrusts the right leg forward while leaning the torso back. The arms pump back and forth at the sides. They quickly pull the leg back and jump into the air, landing with feet wide and knees bent.",text_dataset,2-dance,text_dataset/2-dance/023.txt,1
T2MB_0024,Dynamics,Dance,long,The dancer stands on the left leg while the right leg extends forward with a pointed foot. The left arm reaches forward and the right arm opens to the side. They smoothly rotate the body to the right while keeping the right leg raised.,text_dataset,2-dance,text_dataset/2-dance/024.txt,1
T2MB_0025,Dynamics,Dance,long,"The person stands tall and steps forward with the right foot, then crosses the left foot behind. They turn their entire body to the right until facing forward again. During the turn, the arms pull inward toward the chest and then extend outward.",text_dataset,2-dance,text_dataset/2-dance/025.txt,1
T2MB_0026,Dynamics,Dance,long,The performer stands with feet together then steps the right foot out wide while the right arm sweeps across the chest. The body sinks into a deep squat as the left arm reaches towards the sky. Both hands then clasp together and pull sharply toward the right hip.,text_dataset,2-dance,text_dataset/2-dance/026.txt,1
T2MB_0027,Dynamics,Dance,long,"The body begins in a crouch with palms flat on the floor. Rapidly, the dancer kicks the legs out into a plank position before pulling the knees back toward the chest. Standing quickly, the person jumps into the air with arms tucked tight against the ribcage.",text_dataset,2-dance,text_dataset/2-dance/027.txt,1
T2MB_0028,Dynamics,Dance,long,"Starting from a neutral stance, the dancer lifts the right knee high while the left arm pushes forward. The right leg then extends straight back as the torso leans forward to form a horizontal line. The arms reach outward to the sides for balance before returning upright.",text_dataset,2-dance,text_dataset/2-dance/028.txt,1
T2MB_0029,Dynamics,Dance,long,"The dancer stands on the balls of the feet and takes small, rapid steps backward. While moving, the arms ripple in a wave motion starting from the right fingertips, across the shoulders, and out through the left hand. The head tilts slightly toward the trailing shoulder.",text_dataset,2-dance,text_dataset/2-dance/029.txt,1
T2MB_0030,Dynamics,Dance,long,"Starting from a crouched position, the dancer thrusts their chest forward and snaps their head back. They rise to a full stand while rolling their shoulders backward in a rhythmic sequence. The right leg kicks out low to the front as the opposite arm punches toward the ground.",text_dataset,2-dance,text_dataset/2-dance/030.txt,1
T2MB_0031,Dynamics,Dance,long,"The person balances on their left leg while the right knee lifts high toward the chest. Both arms circle outward and upward until the palms meet above the head. They step down firmly, rotating the entire torso to the left while keeping the arms parallel to the floor.",text_dataset,2-dance,text_dataset/2-dance/031.txt,1
T2MB_0032,Dynamics,Dance,long,"The dancer slides their right foot across the floor into a wide stance. Both hands press forward as if pushing a wall. They execute a quick turn to the right on the balls of their feet, ending with the left arm curved over the head and the right arm behind.",text_dataset,2-dance,text_dataset/2-dance/032.txt,1
T2MB_0033,Dynamics,Dance,long,"Standing with feet side by side, the person bounces their knees rhythmically. The right hand taps the left shoulder, then the left hand taps the right shoulder. They lean the torso back while sliding both feet backward in small, smooth increments while the arms swing loosely.",text_dataset,2-dance,text_dataset/2-dance/033.txt,1
T2MB_0034,Dynamics,Dance,long,"The dancer stands with feet together, then steps out wide with the right leg while crossing arms over the chest. They pull the elbows back sharply, then slide the left foot to meet the right while the head tilts toward the shoulder.",text_dataset,2-dance,text_dataset/2-dance/034.txt,1
T2MB_0035,Dynamics,Dance,long,"Starting from a crouch, the dancer thrusts the chest forward and flings both arms wide. They spring upward, tucking the knees toward the torso, and land softly on the balls of the feet with knees bent and arms reaching toward the ceiling.",text_dataset,2-dance,text_dataset/2-dance/035.txt,1
T2MB_0036,Dynamics,Dance,long,"The body balances on the left leg while the right leg lifts, bending at the knee. The dancer rotates the entire body toward the right, sweeping the left arm in a horizontal arc while the right arm stays tucked against the waist.",text_dataset,2-dance,text_dataset/2-dance/036.txt,1
T2MB_0037,Dynamics,Dance,long,"The dancer steps forward with the right foot, then pivots the hips to the left. As they turn, both arms ripple from the shoulders down to the fingertips in a wave motion, finishing with the left leg extended straight back.",text_dataset,2-dance,text_dataset/2-dance/037.txt,1
T2MB_0038,Dynamics,Dance,long,"The dancer stands with feet together then steps the right foot wide. The hips circle to the right and back while the arms reach upward. As the hips complete the circle, the body drops into a deep squat with hands touching the floor before springing back to a standing position.",text_dataset,2-dance,text_dataset/2-dance/038.txt,1
T2MB_0039,Dynamics,Dance,long,"The body stands tall with arms extended to the sides. The right leg lifts with a bent knee while the torso tilts left. The lifted leg sweeps in a wide arc to the back as the arms move downward to cross at the wrists, ending in a stable forward lunge.",text_dataset,2-dance,text_dataset/2-dance/039.txt,1
T2MB_0040,Dynamics,Dance,long,"The dancer steps forward with the left foot and executes a sharp turn to the right on the balls of the feet. During the turn, the arms pull tightly into the chest. As the turn finishes, the arms fly outward and the chest pushes forward with a rhythmic bounce.",text_dataset,2-dance,text_dataset/2-dance/040.txt,1
T2MB_0041,Dynamics,Dance,long,"Standing with feet parallel, the dancer waves their right arm from the fingertips through the elbow and shoulder across the chest. The motion transfers to the left shoulder and flows down the left arm. Simultaneously, the knees bend and straighten in a fluid, continuous pulsing motion.",text_dataset,2-dance,text_dataset/2-dance/041.txt,1
T2MB_0042,Dynamics,Dance,long,"The dancer starts in a deep squat with arms crossed at the wrists. They jump upward, extending both legs wide and flinging their arms out to the sides. Upon landing, they slide the right foot behind the left and pivot on their toes to face the opposite direction.",text_dataset,2-dance,text_dataset/2-dance/042.txt,1
T2MB_0043,Dynamics,Dance,long,"The body leans forward with the right arm reaching toward the floor. The left leg kicks back and up into the air. The dancer pulls the leg down, tucks the chin, and performs a smooth roll across the shoulders before standing up with arms stretched towards the sky.",text_dataset,2-dance,text_dataset/2-dance/043.txt,1
T2MB_0044,Dynamics,Dance,long,"Starting with a straight spine, the dancer steps forward with the left foot and bends both knees deeply. They rotate the torso to the right while sweeping the right arm in a wide circle. The heels lift high as the body turns quickly on the balls of the feet.",text_dataset,2-dance,text_dataset/2-dance/044.txt,1
T2MB_0045,Dynamics,Dance,long,"The dancer balances on the left leg while the right foot rests against the inner knee. Both arms curve upward to form an oval above the head. They slowly lower the right foot, step to the side, and tilt the head toward the shoulder while extending the palms outward.",text_dataset,2-dance,text_dataset/2-dance/045.txt,1
T2MB_0046,Dynamics,Dance,long,"Starting from a crouched position, the body springs upward while the right leg kicks straight to the side. Both arms reach toward the ceiling. Upon landing on both feet, the torso leans forward and the elbows pull back sharply toward the hips.",text_dataset,2-dance,text_dataset/2-dance/046.txt,1
T2MB_0047,Dynamics,Dance,long,"The dancer stands on the left leg while the right knee lifts high toward the chest. The left arm reaches forward and the right arm extends back. They switch legs rapidly, pumping the arms in opposition while maintaining a steady rhythmic bounce through the ankles.",text_dataset,2-dance,text_dataset/2-dance/047.txt,1
T2MB_0048,Dynamics,Dance,long,"The torso tilts deeply to the left side while the right arm arches over the head. The right leg slides outward along the floor until fully extended. The body then pulls back to center, drawing the feet together and bringing both hands to the chest.",text_dataset,2-dance,text_dataset/2-dance/048.txt,1
T2MB_0049,Dynamics,Dance,long,"From a standing position, the right foot steps behind the left while the hips sway toward the right. The arms flow in a wide circle across the front of the body. The feet cross and uncross rapidly as the dancer travels sideways with small steps.",text_dataset,2-dance,text_dataset/2-dance/049.txt,1
T2MB_0050,Dynamics,Dance,long,"The body drops into a wide squat with the spine vertical. The hands rest on the knees before one shoulder rolls forward and then the other. The dancer stands up quickly, throwing the head back and extending the arms wide to the sides.",text_dataset,2-dance,text_dataset/2-dance/050.txt,1
T2MB_0051,Dynamics,Dance,short,A dancer performs a smooth pirouette on the left foot.,short_text_dataset,2-dance,short_text_dataset/2-dance/001.txt,1
T2MB_0052,Dynamics,Dance,short,Leaps high into the air with legs split wide apart.,short_text_dataset,2-dance,short_text_dataset/2-dance/002.txt,1
T2MB_0053,Dynamics,Dance,short,Steps rhythmically side to side while snapping fingers.,short_text_dataset,2-dance,short_text_dataset/2-dance/003.txt,1
T2MB_0054,Dynamics,Dance,short,Spins around rapidly then strikes a dramatic pose.,short_text_dataset,2-dance,short_text_dataset/2-dance/004.txt,1
T2MB_0055,Dynamics,Dance,short,Slides backward smoothly performing a moonwalk motion.,short_text_dataset,2-dance,short_text_dataset/2-dance/005.txt,1
T2MB_0056,Dynamics,Dance,short,A person waltzes forward in a box step pattern.,short_text_dataset,2-dance,short_text_dataset/2-dance/006.txt,1
T2MB_0057,Dynamics,Dance,short,Kicks right leg high while sweeping arms overhead.,short_text_dataset,2-dance,short_text_dataset/2-dance/007.txt,1
T2MB_0058,Dynamics,Dance,short,Bends knees deeply in a plié then rises onto toes.,short_text_dataset,2-dance,short_text_dataset/2-dance/008.txt,1
T2MB_0059,Dynamics,Dance,short,Shuffles feet quickly while swinging arms loosely.,short_text_dataset,2-dance,short_text_dataset/2-dance/009.txt,1
T2MB_0060,Dynamics,Dance,short,Performs a body roll starting from head to hips.,short_text_dataset,2-dance,short_text_dataset/2-dance/010.txt,1
T2MB_0061,Dynamics,Dance,short,Twists torso sharply right while looking to the left.,short_text_dataset,2-dance,short_text_dataset/2-dance/011.txt,1
T2MB_0062,Dynamics,Dance,short,Hops on one leg while extending the other leg back.,short_text_dataset,2-dance,short_text_dataset/2-dance/012.txt,1
T2MB_0063,Dynamics,Dance,short,A dancer does a chassé step moving to the right.,short_text_dataset,2-dance,short_text_dataset/2-dance/013.txt,1
T2MB_0064,Dynamics,Dance,short,Raises arms gracefully and turns in a slow circle.,short_text_dataset,2-dance,short_text_dataset/2-dance/014.txt,1
T2MB_0065,Dynamics,Dance,short,Drops to the floor in a split then stands up.,short_text_dataset,2-dance,short_text_dataset/2-dance/015.txt,1
T2MB_0066,Dynamics,Dance,short,Moves hips in a figure-eight motion while standing still.,short_text_dataset,2-dance,short_text_dataset/2-dance/016.txt,1
T2MB_0067,Dynamics,Dance,short,Stomps feet rhythmically and claps hands above head.,short_text_dataset,2-dance,short_text_dataset/2-dance/017.txt,1
T2MB_0068,Dynamics,Dance,short,Glides sideways while isolating the chest movement.,short_text_dataset,2-dance,short_text_dataset/2-dance/018.txt,1
T2MB_0069,Dynamics,Dance,short,A person performs a tap dance routine with rapid steps.,short_text_dataset,2-dance,short_text_dataset/2-dance/019.txt,1
T2MB_0070,Dynamics,Dance,short,Swings leg forward and back in a pendulum motion.,short_text_dataset,2-dance,short_text_dataset/2-dance/020.txt,1
T2MB_0071,Dynamics,Dance,short,Jumps turning 360 degrees and lands in a squat.,short_text_dataset,2-dance,short_text_dataset/2-dance/021.txt,1
T2MB_0072,Dynamics,Dance,short,Reaches arm forward and pulls it back rhythmically.,short_text_dataset,2-dance,short_text_dataset/2-dance/022.txt,1
T2MB_0073,Dynamics,Dance,short,"Steps forward, pivots on toes, and turns around.",short_text_dataset,2-dance,short_text_dataset/2-dance/023.txt,1
T2MB_0074,Dynamics,Dance,short,A dancer arches back deeply with arms extended wide.,short_text_dataset,2-dance,short_text_dataset/2-dance/024.txt,1
T2MB_0075,Dynamics,Dance,short,Bounces on heels while waving hands in the air.,short_text_dataset,2-dance,short_text_dataset/2-dance/025.txt,1
T2MB_0076,Dynamics,Dance,short,Performs a grapevine step moving quickly to the left.,short_text_dataset,2-dance,short_text_dataset/2-dance/026.txt,1
T2MB_0077,Dynamics,Dance,short,Lifts one leg to the knee and holds a balance.,short_text_dataset,2-dance,short_text_dataset/2-dance/027.txt,1
T2MB_0078,Dynamics,Dance,short,Swings arms in a windmill motion while jumping.,short_text_dataset,2-dance,short_text_dataset/2-dance/028.txt,1
T2MB_0079,Dynamics,Dance,short,A person breakdances and spins on their back.,short_text_dataset,2-dance,short_text_dataset/2-dance/029.txt,1
T2MB_0080,Dynamics,Dance,short,"Walks forward with exaggerated, theatrical dance steps.",short_text_dataset,2-dance,short_text_dataset/2-dance/030.txt,1
T2MB_0081,Dynamics,Dance,short,Puts hands on hips and kicks legs alternately high.,short_text_dataset,2-dance,short_text_dataset/2-dance/031.txt,1
T2MB_0082,Dynamics,Dance,short,Slides smoothly to the right and strikes a pose.,short_text_dataset,2-dance,short_text_dataset/2-dance/032.txt,1
T2MB_0083,Dynamics,Dance,short,Rotates shoulders rhythmically while stepping back.,short_text_dataset,2-dance,short_text_dataset/2-dance/033.txt,1
T2MB_0084,Dynamics,Dance,short,Performs a salsa basic step with hip action.,short_text_dataset,2-dance,short_text_dataset/2-dance/034.txt,1
T2MB_0085,Dynamics,Dance,short,Jumps vertically with knees tucked into the chest.,short_text_dataset,2-dance,short_text_dataset/2-dance/035.txt,1
T2MB_0086,Dynamics,Dance,short,Sweeps right arm low across the floor while lunging.,short_text_dataset,2-dance,short_text_dataset/2-dance/036.txt,1
T2MB_0087,Dynamics,Dance,short,A dancer performs a graceful arabesque on one leg.,short_text_dataset,2-dance,short_text_dataset/2-dance/037.txt,1
T2MB_0088,Dynamics,Dance,short,Moves arms like waves while swaying body gently.,short_text_dataset,2-dance,short_text_dataset/2-dance/038.txt,1
T2MB_0089,Dynamics,Dance,short,Steps and turns repeatedly in a spinning motion.,short_text_dataset,2-dance,short_text_dataset/2-dance/039.txt,1
T2MB_0090,Dynamics,Dance,short,Kicks leg to the side and touches toe with hand.,short_text_dataset,2-dance,short_text_dataset/2-dance/040.txt,1
T2MB_0091,Dynamics,Dance,short,A person performs a robot dance with stiff movements.,short_text_dataset,2-dance,short_text_dataset/2-dance/041.txt,1
T2MB_0092,Dynamics,Dance,short,Leaps forward with one arm reaching for the sky.,short_text_dataset,2-dance,short_text_dataset/2-dance/042.txt,1
T2MB_0093,Dynamics,Dance,short,Crosses legs and spins down to sit on floor.,short_text_dataset,2-dance,short_text_dataset/2-dance/043.txt,1
T2MB_0094,Dynamics,Dance,short,Taps toes rapidly while moving in a small circle.,short_text_dataset,2-dance,short_text_dataset/2-dance/044.txt,1
T2MB_0095,Dynamics,Dance,short,Swings partner invisibly and spins under their arm.,short_text_dataset,2-dance,short_text_dataset/2-dance/045.txt,1
T2MB_0096,Dynamics,Dance,short,Lunges side to side with fluid arm movements.,short_text_dataset,2-dance,short_text_dataset/2-dance/046.txt,1
T2MB_0097,Dynamics,Dance,short,Stands on toes and walks forward with small steps.,short_text_dataset,2-dance,short_text_dataset/2-dance/047.txt,1
T2MB_0098,Dynamics,Dance,short,Throws head back and spins arms freely.,short_text_dataset,2-dance,short_text_dataset/2-dance/048.txt,1
T2MB_0099,Dynamics,Dance,short,A dancer performs a stylized jazz walk forward.,short_text_dataset,2-dance,short_text_dataset/2-dance/049.txt,1
T2MB_0100,Dynamics,Dance,short,Bows deeply with a flourish of the right hand.,short_text_dataset,2-dance,short_text_dataset/2-dance/050.txt,1
T2MB_0101,Dynamics,Explosive,long,"First, the body lowers into a deep squat to store energy while both arms swing behind the torso, then the legs extend with extreme force to drive the body into a vertical leap. At this point, the arms swing rapidly upward toward the ceiling to maximize momentum before the body returns to the ground, landing with the knees bending to absorb impact while the torso remains upright to stabilize.",text_dataset,7-explosive,text_dataset/7-explosive/001.txt,1
T2MB_0102,Dynamics,Explosive,long,"The body leans forward while one leg tucks under the torso to prepare for a sprint start, then the legs drive off an invisible starting block with a sudden burst of speed. At this point, the arms swing in a wide, rhythmic motion to pull the torso forward while the legs cycle through powerful strides. Finally, the body transitions into a steady upright posture, maintaining a smooth running motion to keep balance.",text_dataset,7-explosive,text_dataset/7-explosive/002.txt,1
T2MB_0103,Dynamics,Explosive,long,"First, the body lowers into a deep crouch while the arms swing far back to store energy, then the legs drive powerfully against the floor to propel the body into a high vertical leap. At this point, the arms swing rapidly upward toward the ceiling to add momentum while the torso remains upright. Finally, the legs extend to meet the ground and bend upon impact, with the arms moving to the sides to ensure a stable landing.",text_dataset,7-explosive,text_dataset/7-explosive/003.txt,1
T2MB_0104,Dynamics,Explosive,long,"The body leans forward while the legs bend deeply to build tension, then the legs explode backward as if pushing off starting blocks to initiate a rapid sprint. During this phase, the arms pump vigorously forward and backward while the torso remains inclined to maintain acceleration. Finally, the body transitions into an upright posture as the legs continue their high-speed cycle, with the arms maintaining a steady rhythm to provide balance.",text_dataset,7-explosive,text_dataset/7-explosive/004.txt,1
T2MB_0105,Dynamics,Explosive,long,"First, the body lowers into a squat position with the torso tilted forward and arms held near the chest as if gripping an invisible heavy ball, then the legs and torso extend rapidly to launch the invisible object into the air. At this point, the arms thrust forcefully upward and forward to complete the throwing motion. Finally, the body lands firmly on both feet while the arms drop back to the sides to regain a steady standing position.",text_dataset,7-explosive,text_dataset/7-explosive/005.txt,1
T2MB_0106,Dynamics,Explosive,long,"The body starts in a plank position and then lowers the torso toward the floor to coil the muscles, followed by an explosive push that launches the upper body off the ground. At this point, the arms fully extend and the hands leave the surface to perform a quick clap in mid-air before returning to the floor. Finally, the arms bend to absorb the impact of the descent while the legs and torso remain rigid to stabilize the landing.",text_dataset,7-explosive,text_dataset/7-explosive/006.txt,1
T2MB_0107,Dynamics,Explosive,long,"First, the body lowers into a deep crouch to store energy, with the torso leaning forward and arms pulled back. Then, the legs explode upward in a powerful vertical leap, while the arms swing forcefully toward the ceiling to drive the body into the air. Finally, the body lands on the balls of the feet with the knees bending to absorb the impact, while the arms extend to the sides to maintain a stable standing position.",text_dataset,7-explosive,text_dataset/7-explosive/007.txt,1
T2MB_0108,Dynamics,Explosive,long,"The body begins in a plank position with the weight distributed between the hands and feet. Then, the arms push off the ground with such force that the upper body is propelled upward, while the torso remains rigid to transfer energy efficiently. Finally, the hands return to the ground to catch the body's weight, and the arms bend slightly to cushion the descent and return to a stable starting posture.",text_dataset,7-explosive,text_dataset/7-explosive/008.txt,1
T2MB_0109,Dynamics,Explosive,long,"First, the person squats deeply with the torso leaning forward and arms extended toward the ground as if gripping an invisible heavy bar, then the legs drive upward with immense force while the torso snaps upright and the arms pull the invisible weight toward the chest. At this point, the arms finish by pushing the invisible bar rapidly toward the ceiling while the legs extend fully, and finally, the body drops slightly into a quarter-squat to catch the weight before standing tall to a stable position.",text_dataset,7-explosive,text_dataset/7-explosive/009.txt,1
T2MB_0110,Dynamics,Explosive,long,"First, the body crouches low with the legs staggered and the torso almost horizontal to the ground to prepare for a sudden burst, then the legs push off with maximum force to propel the body forward into a high-speed sprint while the arms pump vigorously by the sides. At this point, the head stays aligned with the forward-tilting torso to maintain aerodynamic efficiency as the legs cycle rapidly to increase velocity, and finally, the stride length shortens and the torso rises to a vertical position to decelerate into a stable stop.",text_dataset,7-explosive,text_dataset/7-explosive/010.txt,1
T2MB_0111,Dynamics,Explosive,long,"The body first bends forward at the waist with the knees slightly flexed and arms swinging far behind the torso to build momentum, then the legs explode upward and backward while the torso arches into the air to perform a backflip. At this point, the arms swing forward and then tuck toward the knees to accelerate the rotation of the torso and legs through the air, and finally, the legs extend toward the ground to absorb the impact upon landing while the arms reach forward to maintain a centered balance.",text_dataset,7-explosive,text_dataset/7-explosive/011.txt,1
T2MB_0112,Dynamics,Explosive,long,"First, the body stands with left leg raised high and the arms drawn back to the chest to concentrate energy in the core, then the supporting right leg drives into the ground as the raised left leg thrusts forward and upward in a powerful kick against an invisible barrier. At this point, the torso leans slightly backward to counter the force of the leg while the arms snap downward to provide stability and leverage for the strike, and finally, the kicking left leg is pulled back quickly and placed firmly on the ground to return the body to a steady upright posture.",text_dataset,7-explosive,text_dataset/7-explosive/012.txt,1
T2MB_0113,Dynamics,Explosive,long,"First, the body crouches deeply into a squat with the torso leaning forward and arms swung far behind the back to store energy, then the legs drive powerfully into the ground to propel the body upward and backward into the air. At this point, the torso arches back while the arms swing overhead to provide momentum for a full rotation, and finally, the legs extend to meet the ground while the torso straightens and the arms reach forward to stabilize the landing.",text_dataset,7-explosive,text_dataset/7-explosive/013.txt,1
T2MB_0114,Dynamics,Explosive,long,"The body stands with the left side facing forward, torso twisted to the right rear to build tension. The arms mimic holding an invisible shot put, extending over the head and slightly bending behind the back. The weight quickly shifts from the back leg to the front leg, and the torso rotates forward with high speed. The arms snap forward to simulate throwing an invisible shot put, fully extending to release energy. Finally, the rear leg swings across the body, and the arms drop to the sides to absorb the momentum and restore balance.",text_dataset,7-explosive,text_dataset/7-explosive/014.txt,1
T2MB_0115,Dynamics,Explosive,long,"First, the body tenses in a low lunge with the torso angled toward the ground and the arms positioned for a quick start, then the legs explode into a series of rapid, powerful strides to gain maximum forward acceleration. At this point, the arms pump vigorously back and forth to drive the legs further while the torso remains leaned forward to maintain momentum, and finally, the legs slow their pace into shorter steps as the torso rises to a vertical position and the arms move to the sides to steady the body.",text_dataset,7-explosive,text_dataset/7-explosive/015.txt,1
T2MB_0116,Dynamics,Explosive,long,"The body first crouches low into a deep squat while the arms swing far backward and the torso leans forward to store potential energy. Then, the legs explode upward and backward in a powerful thrust as the body rotates mid-air to complete a backflip, with the arms pulling toward the chest to increase rotation speed. Finally, the legs extend toward the ground to absorb the impact, and the arms reach forward to stabilize the torso in an upright standing position.",text_dataset,7-explosive,text_dataset/7-explosive/016.txt,1
T2MB_0117,Dynamics,Explosive,long,"The body starts in a standing position, then quickly drops as the palms move toward the imaginary floor and the legs kick back into a plank position. Immediately, the legs snap back toward the torso to transition into a squat, followed by an explosive jump where the arms reach toward the ceiling. Finally, the body lands softly on the balls of the feet with the torso upright to regain balance.",text_dataset,7-explosive,text_dataset/7-explosive/017.txt,1
T2MB_0118,Dynamics,Explosive,long,"The torso leans slightly forward as one leg lunges backward and the opposite arm swings forward to gather tension. Suddenly, the back leg drives forward and upward into a high knee lift while the supporting leg jumps off the ground, with both arms swapping positions rapidly to generate upward speed. Finally, the body lands on the starting leg and the torso stabilizes to prevent swaying.",text_dataset,7-explosive,text_dataset/7-explosive/018.txt,1
T2MB_0119,Dynamics,Explosive,long,"First, the body lowers into a deep squat while the arms reach toward the ground as if preparing to push off an invisible surface, then the legs thrust powerfully upward to initiate a high jump while the arms swing overhead to gain height. At this point, the knees tuck toward the chest at the peak of the leap before the legs extend back down to the floor. Finally, the body lands with the knees bent to absorb the impact while the torso remains upright and the arms move to the sides to maintain a stable standing position.",text_dataset,7-explosive,text_dataset/7-explosive/019.txt,1
T2MB_0120,Dynamics,Explosive,long,"The body starts in a standing position before rapidly dropping the torso forward and placing the arms on the ground to kick the legs backward into a straight line, mimicking a sudden transition to a horizontal posture. Then, the legs quickly snap forward toward the chest as the torso lifts, and the entire body explodes upward into a vertical jump with the arms reaching toward the sky. Finally, the body returns to the ground with the legs slightly bent and the torso centered to regain a balanced stance.",text_dataset,7-explosive,text_dataset/7-explosive/020.txt,1
T2MB_0121,Dynamics,Explosive,long,"First, the body shifts the weight onto one leg while the other leg lifts slightly and the arms move to the opposite side to wind up, then the torso rotates forcefully as the lifted leg snaps forward and out in a rapid arc to perform a roundhouse kick against an invisible target. At this point, the standing leg remains firm while the arms swing in the opposite direction of the kick to provide counter-balance and power. Finally, the kicking leg is pulled back quickly to the starting position and the torso squares up to maintain a steady defensive posture.",text_dataset,7-explosive,text_dataset/7-explosive/021.txt,1
T2MB_0122,Dynamics,Explosive,long,"The body begins in a lunge position with one leg forward and the other leg back while the arms are bent at the sides, then the legs push off the ground simultaneously to launch the body into the air. At this point, the positions of the legs switch rapidly in mid-air so the back leg moves forward and the forward leg moves back, while the arms pump vigorously to assist the transition. Finally, the body lands softly with the feet in their new positions and the torso held straight to ensure a stable and controlled recovery.",text_dataset,7-explosive,text_dataset/7-explosive/022.txt,1
T2MB_0123,Dynamics,Explosive,long,"First, the body stands with the feet together and the arms at the sides before suddenly jumping the legs outward to the sides while the arms swing upward in a wide arc above the head. Then, without a pause, the legs snap back together with immense speed as the arms are pulled forcefully down to the torso to reset the motion. Finally, the body absorbs the quick movement by keeping the knees flexible and the head level, ensuring the posture remains upright and ready for the next burst of energy.",text_dataset,7-explosive,text_dataset/7-explosive/023.txt,1
T2MB_0124,Dynamics,Explosive,long,"First, the body lowers into a deep squat while the arms swing behind the torso to store potential energy, then the legs drive powerfully into the ground to propel the entire body into a high vertical leap. At this point, the arms swing vigorously upward to assist the elevation while the legs fully extend. Finally, the body descends and lands with the knees bent to absorb impact, with the arms moving forward to maintain a stable and balanced upright stance.",text_dataset,7-explosive,text_dataset/7-explosive/024.txt,1
T2MB_0125,Dynamics,Explosive,long,"First, the body leans forward slightly with the weight shifted to the balls of the feet while the arms are poised at the sides, then the legs begin a rapid alternating drive where the knees are pulled toward the chest in an explosive sprinting motion. At this point, the arms swing forcefully forward and backward in coordination with the legs to maximize speed and momentum. Finally, the body decelerates smoothly while the legs wide-set and the torso remains upright to regain a controlled posture.",text_dataset,7-explosive,text_dataset/7-explosive/025.txt,1
T2MB_0126,Dynamics,Explosive,short,Squats deep then explodes upward into a high jump.,short_text_dataset,7-explosive,short_text_dataset/7-explosive/001.txt,1
T2MB_0127,Dynamics,Explosive,short,Crouches low and sprints forward with sudden speed.,short_text_dataset,7-explosive,short_text_dataset/7-explosive/002.txt,1
T2MB_0128,Dynamics,Explosive,short,Drops to chest then pushes up forcefully to clap.,short_text_dataset,7-explosive,short_text_dataset/7-explosive/003.txt,1
T2MB_0129,Dynamics,Explosive,short,Leans forward and launches into a rapid run.,short_text_dataset,7-explosive,short_text_dataset/7-explosive/004.txt,1
T2MB_0130,Dynamics,Explosive,short,Bends knees and throws an object high overhead.,short_text_dataset,7-explosive,short_text_dataset/7-explosive/005.txt,1
T2MB_0131,Dynamics,Explosive,short,Jumps onto a box with a solid two-footed landing.,short_text_dataset,7-explosive,short_text_dataset/7-explosive/006.txt,1
T2MB_0132,Dynamics,Explosive,short,Lunges deep and powers back up instantly.,short_text_dataset,7-explosive,short_text_dataset/7-explosive/007.txt,1
T2MB_0133,Dynamics,Explosive,short,Swings arms back then jumps forward as far as possible.,short_text_dataset,7-explosive,short_text_dataset/7-explosive/008.txt,1
T2MB_0134,Dynamics,Explosive,short,Kicks right leg high with snapping power.,short_text_dataset,7-explosive,short_text_dataset/7-explosive/009.txt,1
T2MB_0135,Dynamics,Explosive,short,Punches forward rapidly with full body weight rotation.,short_text_dataset,7-explosive,short_text_dataset/7-explosive/010.txt,1
T2MB_0136,Dynamics,Explosive,short,Crouch start into a full speed sprint immediately.,short_text_dataset,7-explosive,short_text_dataset/7-explosive/011.txt,1
T2MB_0137,Dynamics,Explosive,short,Hops on one leg then explodes into a jump.,short_text_dataset,7-explosive,short_text_dataset/7-explosive/012.txt,1
T2MB_0138,Dynamics,Explosive,short,Grabs a bar and pulls body up violently.,short_text_dataset,7-explosive,short_text_dataset/7-explosive/013.txt,1
T2MB_0139,Dynamics,Explosive,short,Slams a heavy ball down onto the ground.,short_text_dataset,7-explosive,short_text_dataset/7-explosive/014.txt,1
T2MB_0140,Dynamics,Explosive,short,Jumps laterally quickly over a small barrier.,short_text_dataset,7-explosive,short_text_dataset/7-explosive/015.txt,1
T2MB_0141,Dynamics,Explosive,short,Pushes off wall with both hands forcefully.,short_text_dataset,7-explosive,short_text_dataset/7-explosive/016.txt,1
T2MB_0142,Dynamics,Explosive,short,Squats and thrusts hips to throw upward.,short_text_dataset,7-explosive,short_text_dataset/7-explosive/017.txt,1
T2MB_0143,Dynamics,Explosive,short,Drops into a split lunge and jumps to switch.,short_text_dataset,7-explosive,short_text_dataset/7-explosive/018.txt,1
T2MB_0144,Dynamics,Explosive,short,Stands tall then drops and sprawls instantly.,short_text_dataset,7-explosive,short_text_dataset/7-explosive/019.txt,1
T2MB_0145,Dynamics,Explosive,short,Swings bat hard twisting torso completely.,short_text_dataset,7-explosive,short_text_dataset/7-explosive/020.txt,1
T2MB_0146,Dynamics,Explosive,short,Leaps vertically tucking knees to chest mid-air.,short_text_dataset,7-explosive,short_text_dataset/7-explosive/021.txt,1
T2MB_0147,Dynamics,Explosive,short,Sprints in place with high knees and fast arms.,short_text_dataset,7-explosive,short_text_dataset/7-explosive/022.txt,1
T2MB_0148,Dynamics,Explosive,short,Dives forward into a roll and pops up.,short_text_dataset,7-explosive,short_text_dataset/7-explosive/023.txt,1
T2MB_0149,Dynamics,Explosive,short,Throws a javelin with a running approach.,short_text_dataset,7-explosive,short_text_dataset/7-explosive/024.txt,1
T2MB_0150,Dynamics,Explosive,short,Lifts heavy weight from ground to overhead quickly.,short_text_dataset,7-explosive,short_text_dataset/7-explosive/025.txt,1
T2MB_0151,Dynamics,Explosive,short,Jumps back and forth over a line rapidly.,short_text_dataset,7-explosive,short_text_dataset/7-explosive/026.txt,1
T2MB_0152,Dynamics,Explosive,short,Punches upwards towards the sky with force.,short_text_dataset,7-explosive,short_text_dataset/7-explosive/027.txt,1
T2MB_0153,Dynamics,Explosive,short,Crouches and performs a broad jump forward.,short_text_dataset,7-explosive,short_text_dataset/7-explosive/028.txt,1
T2MB_0154,Dynamics,Explosive,short,Spins rapidly and throws a discus.,short_text_dataset,7-explosive,short_text_dataset/7-explosive/029.txt,1
T2MB_0155,Dynamics,Explosive,short,Push-up position then launches hands off ground.,short_text_dataset,7-explosive,short_text_dataset/7-explosive/030.txt,1
T2MB_0156,Dynamics,Explosive,short,Squats and kicks out both legs then stands.,short_text_dataset,7-explosive,short_text_dataset/7-explosive/031.txt,1
T2MB_0157,Dynamics,Explosive,short,Runs forward and slides to a sudden stop.,short_text_dataset,7-explosive,short_text_dataset/7-explosive/032.txt,1
T2MB_0158,Dynamics,Explosive,short,Jumps violently reaching for an overhead object.,short_text_dataset,7-explosive,short_text_dataset/7-explosive/033.txt,1
T2MB_0159,Dynamics,Explosive,short,Throws a punch while lunging forward deep.,short_text_dataset,7-explosive,short_text_dataset/7-explosive/034.txt,1
T2MB_0160,Dynamics,Explosive,short,Snaps from standing to crouching instantly.,short_text_dataset,7-explosive,short_text_dataset/7-explosive/035.txt,1
T2MB_0161,Dynamics,Explosive,short,Leaps from left foot landing hard on right.,short_text_dataset,7-explosive,short_text_dataset/7-explosive/036.txt,1
T2MB_0162,Dynamics,Explosive,short,Pulls an object hard towards chest with jerk.,short_text_dataset,7-explosive,short_text_dataset/7-explosive/037.txt,1
T2MB_0163,Dynamics,Explosive,short,Kicks a ball with a powerful running start.,short_text_dataset,7-explosive,short_text_dataset/7-explosive/038.txt,1
T2MB_0164,Dynamics,Explosive,short,Jumps rope with double unders swinging fast.,short_text_dataset,7-explosive,short_text_dataset/7-explosive/039.txt,1
T2MB_0165,Dynamics,Explosive,short,Performs a burpee by dropping and leaping up.,short_text_dataset,7-explosive,short_text_dataset/7-explosive/040.txt,1
T2MB_0166,Dynamics,Explosive,short,Starts in plank and jumps feet to hands.,short_text_dataset,7-explosive,short_text_dataset/7-explosive/041.txt,1
T2MB_0167,Dynamics,Explosive,short,Throws heavy sack over shoulder with power.,short_text_dataset,7-explosive,short_text_dataset/7-explosive/042.txt,1
T2MB_0168,Dynamics,Explosive,short,"Sprints forward, stops on a dime, turns back.",short_text_dataset,7-explosive,short_text_dataset/7-explosive/043.txt,1
T2MB_0169,Dynamics,Explosive,short,Jumps vertically spinning 360 degrees in air.,short_text_dataset,7-explosive,short_text_dataset/7-explosive/044.txt,1
T2MB_0170,Dynamics,Explosive,short,Strikes downward with a hammer motion forcefully.,short_text_dataset,7-explosive,short_text_dataset/7-explosive/045.txt,1
T2MB_0171,Dynamics,Explosive,short,Explosive step up onto a high platform.,short_text_dataset,7-explosive,short_text_dataset/7-explosive/046.txt,1
T2MB_0172,Dynamics,Explosive,short,Crouches then jumps into a starfish pose.,short_text_dataset,7-explosive,short_text_dataset/7-explosive/047.txt,1
T2MB_0173,Dynamics,Explosive,short,Tackles a dummy with driving shoulder power.,short_text_dataset,7-explosive,short_text_dataset/7-explosive/048.txt,1
T2MB_0174,Dynamics,Explosive,short,Row motion pulling back with sudden force.,short_text_dataset,7-explosive,short_text_dataset/7-explosive/049.txt,1
T2MB_0175,Dynamics,Explosive,short,Skips forward with high powerful leaps.,short_text_dataset,7-explosive,short_text_dataset/7-explosive/050.txt,1
T2MB_0176,Dynamics,Martial arts,long,"From a standing posture, the feet are placed apart with both knees slightly bent. The right arm is initially bent and held close to the right side of the body, with the right fist positioned in front of the chest. As the motion begins, the right arm extends forward along the centerline of the body, with the elbow gradually straightening and the fist facing forward. At the same time, the left arm retracts backward, with the elbow drawing in toward the left side of the torso and the left fist returning to a guarded position. The upper body remains upright, producing only a slight forward shift as the right arm extends. The motion ends with the right arm fully extended and briefly held still.",text_dataset,8-martial,text_dataset/8-martial/001.txt,1
T2MB_0177,Dynamics,Martial arts,long,"The body stands upright with both arms bent and held in front of the torso. As the motion begins, the left leg remains on the ground to support the body while the right knee lifts forward, raising the thigh to a horizontal position. Next, the lower right leg extends forward, kicking straight ahead with the right foot. Throughout the kick, the upper body remains vertical and the arms stay in a guarded position without swinging. The motion ends as the right leg retracts along the same path and the right foot returns to the ground, restoring a stable standing posture.",text_dataset,8-martial,text_dataset/8-martial/002.txt,1
T2MB_0178,Dynamics,Martial arts,long,"From a standing position, the left foot stays planted on the ground while the right leg hangs naturally. The motion begins as the torso rotates to the left and the right leg lifts off the ground. The right leg then swings outward at a horizontal level, with the lower leg extending to form a curved kicking path through the air. At the same time, both arms extend in the opposite direction of the kick to maintain balance. The motion finishes as the right leg quickly retracts and returns to the ground, and the torso rotates back to face forward.",text_dataset,8-martial,text_dataset/8-martial/003.txt,1
T2MB_0179,Dynamics,Martial arts,long,"The body stands with both feet placed firmly apart, and both arms bent in front of the torso. As the motion begins, the left arm extends forward, pushing the palm outward while the elbow gradually straightens. At the same time, the right arm retracts backward and stays close to the right side of the body in a defensive position. The upper body remains upright, with only a small forward shift accompanying the left arm’s push. The motion ends with the left arm fully extended and briefly held in place.",text_dataset,8-martial,text_dataset/8-martial/004.txt,1
T2MB_0180,Dynamics,Martial arts,long,"From a standing posture, both arms hang naturally at the sides of the body. As the motion begins, the right arm lifts quickly and moves horizontally across the right side of the body, forming a blocking position in front of the chest with the forearm held level. At the same time, the left arm retracts downward and rests close to the abdomen. The torso remains facing forward without noticeable rotation. The motion ends with the right arm held firmly in the blocking position.",text_dataset,8-martial,text_dataset/8-martial/005.txt,1
T2MB_0181,Dynamics,Martial arts,long,"From a standing posture, both arms are bent and held in front of the body. First, the right arm extends forward to perform a straight punch while the left arm retracts backward. Next, the right arm pulls back to a guarded position as the right knee lifts forward. Then, the right leg extends into a forward kick and quickly retracts. Finally, both feet settle back into a stable stance, and both arms return to a guarded position in front of the torso.",text_dataset,8-martial,text_dataset/8-martial/006.txt,1
T2MB_0182,Dynamics,Martial arts,long,"The body stands upright with both feet placed apart. Both arms are bent, with the hands held in front of the chest. As the motion begins, the left arm moves outward to the left side, opening the guard, while the right arm simultaneously extends forward into a straight punch. The torso remains facing forward without rotation. After the punch reaches full extension, the right arm retracts and both arms return to a guarded position in front of the body.",text_dataset,8-martial,text_dataset/8-martial/007.txt,1
T2MB_0183,Dynamics,Martial arts,long,"From a stable standing posture, both arms are bent at the elbows. The motion begins as the left arm moves downward across the front of the body, with the forearm angled toward the ground in a blocking position. At the same time, the right arm stays bent near the chest. After the block is established, the right arm extends forward into a short straight strike while the left arm retracts toward the torso. The motion ends with both arms returning to a guarded posture.",text_dataset,8-martial,text_dataset/8-martial/008.txt,1
T2MB_0184,Dynamics,Martial arts,long,"The body stands upright with both arms bent in front of the torso. As the motion begins, the right knee lifts upward and slightly outward while the left leg remains planted on the ground. Next, the right leg extends sideways, pushing the foot outward at hip height. During the kick, the torso stays upright and the arms remain fixed in a defensive position. The motion ends as the right leg retracts and the right foot returns to the ground.",text_dataset,8-martial,text_dataset/8-martial/009.txt,1
T2MB_0185,Dynamics,Martial arts,long,"From a standing position, both arms hang loosely at the sides. As the motion begins, both arms lift upward and cross in front of the chest, with the right forearm positioned above the left forearm. The elbows remain bent and close to the body. The torso stays facing forward without turning. After briefly holding the crossed position, both arms separate and return to a neutral guarded stance.",text_dataset,8-martial,text_dataset/8-martial/010.txt,1
T2MB_0186,Dynamics,Martial arts,long,"The body stands upright with both arms bent near the torso. As the motion begins, the left foot steps forward while the right arm extends forward into a straight punch. The left arm retracts slightly and stays close to the body. The torso remains upright and aligned with the forward step. The motion ends as the right arm retracts and the body returns to a stable standing position.",text_dataset,8-martial,text_dataset/8-martial/011.txt,1
T2MB_0187,Dynamics,Martial arts,long,"From a standing posture, both arms are raised with the elbows bent and the forearms positioned in front of the face. As the motion begins, both arms move downward in a controlled manner, lowering the guard to chest height. The elbows remain bent and close to the torso throughout the motion. The legs remain still and the torso stays upright. The motion ends with both arms held steadily in a low guarded position.",text_dataset,8-martial,text_dataset/8-martial/012.txt,1
T2MB_0188,Dynamics,Martial arts,long,"The body stands upright with both feet placed apart. Both arms are bent in front of the torso. The motion begins as the left arm extends forward into a straight strike while the right arm retracts toward the right side of the torso. After the left arm reaches full extension, it pulls back as the right arm immediately extends forward into a straight strike. The motion ends with both arms bent and held in a guarded position.",text_dataset,8-martial,text_dataset/8-martial/013.txt,1
T2MB_0189,Dynamics,Martial arts,long,"From a standing posture, both arms hang naturally at the sides. As the motion begins, the right arm lifts upward and angles inward across the front of the chest, forming a diagonal blocking position. At the same time, the left arm bends and stays close to the lower torso. The torso remains upright throughout. The motion finishes with the right arm held steadily across the chest.",text_dataset,8-martial,text_dataset/8-martial/014.txt,1
T2MB_0190,Dynamics,Martial arts,long,"The body stands upright with both arms bent near the chest. The motion begins as the right knee lifts forward while the left leg remains planted. As the knee reaches its highest position, the right leg extends forward into a controlled kick. After the extension, the right leg retracts and lowers back to the ground. The motion ends with the body returning to a stable standing posture.",text_dataset,8-martial,text_dataset/8-martial/015.txt,1
T2MB_0191,Dynamics,Martial arts,long,"From a stable standing position, both arms are raised and bent in front of the upper torso. As the motion begins, both arms move outward to the sides, opening the chest. Immediately after, both arms sweep inward and cross in front of the torso. The torso remains facing forward without rotation. The motion ends with the arms crossed briefly before returning to a guarded position.",text_dataset,8-martial,text_dataset/8-martial/016.txt,1
T2MB_0192,Dynamics,Martial arts,long,"The body stands with both feet apart and both arms bent in front of the torso. The motion begins as the torso rotates slightly to the right while the left arm extends forward at chest height. The right arm retracts toward the right side of the body. After the extension, the left arm pulls back and the torso returns to face forward. The motion ends in a stable guarded stance.",text_dataset,8-martial,text_dataset/8-martial/017.txt,1
T2MB_0193,Dynamics,Martial arts,long,"From a standing posture, the right arm hangs at the side and the left arm is bent near the torso. As the motion begins, the right arm lifts upward along the right side of the body and then sweeps downward across the front of the torso. At the same time, the left arm stays bent and close to the body. The torso remains upright. The motion ends with the right arm lowered in front of the body.",text_dataset,8-martial,text_dataset/8-martial/018.txt,1
T2MB_0194,Dynamics,Martial arts,long,"The body stands upright with both arms bent in front of the chest. The motion begins as the left leg steps slightly forward while the right leg remains behind. At the same time, the right arm extends forward into a straight strike and the left arm retracts. After the strike, the right arm pulls back and the left foot returns to its original position. The motion ends with both arms held in guard.",text_dataset,8-martial,text_dataset/8-martial/019.txt,1
T2MB_0195,Dynamics,Martial arts,long,"From a standing position, both arms hang loosely at the sides. As the motion begins, both arms lift upward to shoulder height, with the elbows bent and forearms angled inward. After briefly holding this position, both arms lower back down in front of the torso. The legs remain still throughout. The motion ends with the arms resting in a neutral guarded posture.",text_dataset,8-martial,text_dataset/8-martial/020.txt,1
T2MB_0196,Dynamics,Martial arts,long,"The body stands upright with both feet planted firmly. The motion begins as the left arm moves downward across the front of the torso, forming a low blocking position. At the same time, the right arm remains bent near the chest. After the block is established, the left arm retracts while the right arm extends forward into a straight strike. The motion ends with both arms returning to a guarded stance.",text_dataset,8-martial,text_dataset/8-martial/021.txt,1
T2MB_0197,Dynamics,Martial arts,long,"From a standing posture, both arms are bent and held in front of the torso. As the motion begins, the torso rotates to the left while the right arm extends diagonally forward. The left arm retracts toward the left side of the body. After the extension, the right arm pulls back and the torso rotates back to face forward. The motion ends with both arms bent in guard.",text_dataset,8-martial,text_dataset/8-martial/022.txt,1
T2MB_0198,Dynamics,Martial arts,long,"The body stands upright with both arms bent near the torso. As the motion begins, the right leg lifts sideways while the left leg remains planted. The right leg then extends outward into a side kick. During the kick, the torso stays upright and the arms remain fixed in front of the body. The motion ends as the right leg retracts and returns to the ground.",text_dataset,8-martial,text_dataset/8-martial/023.txt,1
T2MB_0199,Dynamics,Martial arts,long,"From a stable standing position, both arms hang naturally. As the motion begins, the left arm lifts upward and angles inward toward the center of the chest, forming a high blocking position. The right arm bends and stays close to the torso. The head and torso remain facing forward. The motion ends with the left arm held steadily in the raised position.",text_dataset,8-martial,text_dataset/8-martial/024.txt,1
T2MB_0200,Dynamics,Martial arts,long,"The body stands upright with both arms bent near the torso. The motion begins as both arms pull inward toward the chest, with the elbows drawing close to the ribs. After briefly holding this closed position, the right arm extends sharply forward while the left arm remains folded. The motion ends with the right arm retracting and both arms returning to guard.",text_dataset,8-martial,text_dataset/8-martial/025.txt,1
T2MB_0201,Dynamics,Martial arts,long,"From a standing posture, the left arm hangs low while the right arm is bent near the chest. The motion begins as the left arm lifts upward across the front of the torso into a high blocking position. Immediately after, the torso rotates slightly to the right while the right arm extends forward. The motion ends as the torso faces forward again and both arms bend inward.",text_dataset,8-martial,text_dataset/8-martial/026.txt,1
T2MB_0202,Dynamics,Martial arts,long,"The body stands with both feet planted and both arms bent. The motion begins as the right knee lifts slightly forward and pauses. While the knee remains lifted, the left arm extends forward and then retracts. After that, the right leg lowers back to the ground. The motion ends with both arms held in guard.",text_dataset,8-martial,text_dataset/8-martial/027.txt,1
T2MB_0203,Dynamics,Martial arts,long,"From a standing position, both arms hang loosely. The motion begins as both arms swing upward and cross tightly in front of the upper torso. After holding the crossed position, the arms separate downward, with the right arm extending forward while the left arm drops close to the body. The motion ends with both arms bent near the torso.",text_dataset,8-martial,text_dataset/8-martial/028.txt,1
T2MB_0204,Dynamics,Martial arts,long,"The body stands upright with the right arm bent and the left arm relaxed. The motion begins as the torso rotates to the left while the right arm pulls backward rather than extending. After the rotation stops, the right arm suddenly extends forward. The motion ends with the torso returning to face forward.",text_dataset,8-martial,text_dataset/8-martial/029.txt,1
T2MB_0205,Dynamics,Martial arts,long,"From a stable standing posture, both arms are raised in front of the upper torso. The motion begins as the right arm lowers downward into a low blocking position while the left arm stays raised. After the block is formed, the left arm extends forward while the right arm remains low. The motion ends with both arms bending inward.",text_dataset,8-martial,text_dataset/8-martial/030.txt,1
T2MB_0206,Dynamics,Martial arts,long,"The body stands upright with both arms bent. The motion begins as the torso tilts slightly forward while neither arm moves. After the torso stops, the right arm extends forward and immediately retracts. The motion ends with the torso returning upright and both arms held in guard.",text_dataset,8-martial,text_dataset/8-martial/031.txt,1
T2MB_0207,Dynamics,Martial arts,long,"From a standing posture, the left leg remains planted while the right leg lifts backward rather than forward. While the leg is lifted, both arms move inward toward the chest. The right leg then lowers back to the ground. The motion ends with the arms returning to a guarded position.",text_dataset,8-martial,text_dataset/8-martial/032.txt,1
T2MB_0208,Dynamics,Martial arts,long,"The body stands with both arms bent at chest height. The motion begins as the left arm extends forward slowly while the right arm stays completely still. After the left arm reaches full extension, it retracts suddenly. The motion ends with both arms bent close to the torso.",text_dataset,8-martial,text_dataset/8-martial/033.txt,1
T2MB_0209,Dynamics,Martial arts,long,"From a standing position, both arms hang naturally. The motion begins as the right arm lifts straight upward alongside the head. After holding this raised position, the right arm sweeps downward across the front of the torso. The motion ends with the right arm lowered and the left arm unchanged.",text_dataset,8-martial,text_dataset/8-martial/034.txt,1
T2MB_0210,Dynamics,Martial arts,long,"The body stands upright with both arms bent. The motion begins as both arms extend forward at the same time but stop halfway. After briefly holding this incomplete extension, both arms retract fully. The motion ends with the arms folded near the torso.",text_dataset,8-martial,text_dataset/8-martial/035.txt,1
T2MB_0211,Dynamics,Martial arts,long,"From a stable standing posture, the right leg lifts sideways slightly and pauses. While the leg remains lifted, the left arm crosses inward toward the chest. The right leg then lowers back to the ground. The motion ends with both arms bent and held in guard.",text_dataset,8-martial,text_dataset/8-martial/036.txt,1
T2MB_0212,Dynamics,Martial arts,long,"The body stands upright with both arms bent. The motion begins as the torso rotates left while both arms stay fixed in place. After the rotation stops, the right arm extends forward. The motion ends with the torso rotating back and the arm retracting.",text_dataset,8-martial,text_dataset/8-martial/037.txt,1
T2MB_0213,Dynamics,Martial arts,long,"From a standing posture, the left arm is bent high while the right arm hangs low. The motion begins as the left arm lowers slowly while the right arm lifts upward. The two arms pass each other at chest height. The motion ends with the right arm raised and the left arm lowered.",text_dataset,8-martial,text_dataset/8-martial/038.txt,1
T2MB_0214,Dynamics,Martial arts,long,"The body stands with both feet apart and both arms bent. The motion begins as the right leg lifts forward slightly and holds. While the leg remains lifted, the torso rotates gently to the right. The motion ends as the torso returns forward and the leg lowers.",text_dataset,8-martial,text_dataset/8-martial/039.txt,1
T2MB_0215,Dynamics,Martial arts,long,"From a standing position, both arms hang loosely. The motion begins as the left arm extends forward while the right arm pulls backward at the same time. After both reach full range, they reverse directions and return inward. The motion ends with both arms bent.",text_dataset,8-martial,text_dataset/8-martial/040.txt,1
T2MB_0216,Dynamics,Martial arts,long,"The body stands upright with both arms bent. The motion begins as both arms rise upward together and stop near the head. After holding this position, the right arm drops downward while the left arm remains raised. The motion ends with the arms in different heights.",text_dataset,8-martial,text_dataset/8-martial/041.txt,1
T2MB_0217,Dynamics,Martial arts,long,"From a stable standing posture, the torso rotates to the right while both arms remain folded near the chest. After the rotation stops, both arms extend forward together. The motion ends as the arms retract and the torso returns forward.",text_dataset,8-martial,text_dataset/8-martial/042.txt,1
T2MB_0218,Dynamics,Martial arts,long,"The body stands with both arms bent and held close. The motion begins as the right arm extends diagonally downward instead of forward. After reaching the lowest point, the arm retracts. The motion ends with both arms bent in guard.",text_dataset,8-martial,text_dataset/8-martial/043.txt,1
T2MB_0219,Dynamics,Martial arts,long,"From a standing posture, the left leg lifts forward slightly while the right leg remains planted. While the leg is lifted, the right arm extends forward and the left arm retracts. The motion ends as the leg lowers and both arms bend inward.",text_dataset,8-martial,text_dataset/8-martial/044.txt,1
T2MB_0220,Dynamics,Martial arts,long,"The body stands upright with both arms bent. The motion begins as the torso leans slightly to the left while the arms remain still. After the lean stops, the left arm extends forward. The motion ends with the torso returning upright and the arm retracting.",text_dataset,8-martial,text_dataset/8-martial/045.txt,1
T2MB_0221,Dynamics,Martial arts,long,"From a standing position, both arms hang at the sides. The motion begins as both arms lift outward to the sides and stop at shoulder height. After holding this wide position, both arms move inward and cross in front of the torso. The motion ends with the arms folded.",text_dataset,8-martial,text_dataset/8-martial/046.txt,1
T2MB_0222,Dynamics,Martial arts,long,"The body stands with both arms bent. The motion begins as the right arm pulls backward while the left arm extends forward. After reaching opposite extremes, both arms reverse direction and return inward. The motion ends with both arms bent.",text_dataset,8-martial,text_dataset/8-martial/047.txt,1
T2MB_0223,Dynamics,Martial arts,long,"From a stable standing posture, the right leg lifts sideways and pauses. While the leg remains lifted, the right arm crosses inward toward the chest. The motion ends as the leg lowers and the arm retracts.",text_dataset,8-martial,text_dataset/8-martial/048.txt,1
T2MB_0224,Dynamics,Martial arts,long,"The body stands upright with both arms bent near the torso. The motion begins as both arms extend downward rather than forward, stopping near the hips. After holding this position, both arms bend upward again. The motion ends in a guarded stance.",text_dataset,8-martial,text_dataset/8-martial/049.txt,1
T2MB_0225,Dynamics,Martial arts,long,"From a standing posture, the torso rotates slightly left while both arms stay low. After the rotation stops, both arms lift upward together in front of the torso. The motion ends as the torso faces forward and the arms bend inward.",text_dataset,8-martial,text_dataset/8-martial/050.txt,1
T2MB_0226,Dynamics,Martial arts,short,A person throws a left jab followed by a right cross.,short_text_dataset,8-martial,short_text_dataset/8-martial/001.txt,1
T2MB_0227,Dynamics,Martial arts,short,A man performs a high roundhouse kick with the right leg.,short_text_dataset,8-martial,short_text_dataset/8-martial/002.txt,1
T2MB_0228,Dynamics,Martial arts,short,A figure assumes a fighting stance with fists raised high.,short_text_dataset,8-martial,short_text_dataset/8-martial/003.txt,1
T2MB_0229,Dynamics,Martial arts,short,Someone executes a powerful uppercut with the left hand.,short_text_dataset,8-martial,short_text_dataset/8-martial/004.txt,1
T2MB_0230,Dynamics,Martial arts,short,A person blocks a low kick and counters with a punch.,short_text_dataset,8-martial,short_text_dataset/8-martial/005.txt,1
T2MB_0231,Dynamics,Martial arts,short,A man steps forward and delivers a straight right punch.,short_text_dataset,8-martial,short_text_dataset/8-martial/006.txt,1
T2MB_0232,Dynamics,Martial arts,short,A figure performs a spinning back kick with precision.,short_text_dataset,8-martial,short_text_dataset/8-martial/007.txt,1
T2MB_0233,Dynamics,Martial arts,short,Someone dodges a punch and weaves to the left.,short_text_dataset,8-martial,short_text_dataset/8-martial/008.txt,1
T2MB_0234,Dynamics,Martial arts,short,A man blocks an incoming punch and delivers a counter strike.,short_text_dataset,8-martial,short_text_dataset/8-martial/009.txt,1
T2MB_0235,Dynamics,Martial arts,short,A man lifts his knee to block an incoming attack.,short_text_dataset,8-martial,short_text_dataset/8-martial/010.txt,1
T2MB_0236,Dynamics,Martial arts,short,A figure performs a flying side kick through the air.,short_text_dataset,8-martial,short_text_dataset/8-martial/011.txt,1
T2MB_0237,Dynamics,Martial arts,short,Someone punches rapidly with both hands in a flurry.,short_text_dataset,8-martial,short_text_dataset/8-martial/012.txt,1
T2MB_0238,Dynamics,Martial arts,short,A person steps back into a defensive guarded posture.,short_text_dataset,8-martial,short_text_dataset/8-martial/013.txt,1
T2MB_0239,Dynamics,Martial arts,short,A man executes a downward chop with his right hand.,short_text_dataset,8-martial,short_text_dataset/8-martial/014.txt,1
T2MB_0240,Dynamics,Martial arts,short,A figure performs a front snap kick to the midsection.,short_text_dataset,8-martial,short_text_dataset/8-martial/015.txt,1
T2MB_0241,Dynamics,Martial arts,short,Someone pivots on one foot to deliver a hook punch.,short_text_dataset,8-martial,short_text_dataset/8-martial/016.txt,1
T2MB_0242,Dynamics,Martial arts,short,A person blocks high with both arms crossed in front.,short_text_dataset,8-martial,short_text_dataset/8-martial/017.txt,1
T2MB_0243,Dynamics,Martial arts,short,A man crouches and sweeps the leg in a circle.,short_text_dataset,8-martial,short_text_dataset/8-martial/018.txt,1
T2MB_0244,Dynamics,Martial arts,short,A figure performs a butterfly kick with acrobatic flair.,short_text_dataset,8-martial,short_text_dataset/8-martial/019.txt,1
T2MB_0245,Dynamics,Martial arts,short,Someone thrusts an elbow forward in a close-range strike.,short_text_dataset,8-martial,short_text_dataset/8-martial/020.txt,1
T2MB_0246,Dynamics,Martial arts,short,A person performs a double punch sequence moving forward.,short_text_dataset,8-martial,short_text_dataset/8-martial/021.txt,1
T2MB_0247,Dynamics,Martial arts,short,A man kicks high and holds the leg in extension.,short_text_dataset,8-martial,short_text_dataset/8-martial/022.txt,1
T2MB_0248,Dynamics,Martial arts,short,A figure assumes a horse stance and punches centrally.,short_text_dataset,8-martial,short_text_dataset/8-martial/023.txt,1
T2MB_0249,Dynamics,Martial arts,short,Someone parries a strike with the left hand and counters.,short_text_dataset,8-martial,short_text_dataset/8-martial/024.txt,1
T2MB_0250,Dynamics,Martial arts,short,A person performs a crescent kick arching over the head.,short_text_dataset,8-martial,short_text_dataset/8-martial/025.txt,1
T2MB_0251,Dynamics,Martial arts,short,A man strikes with the edge of the hand laterally.,short_text_dataset,8-martial,short_text_dataset/8-martial/026.txt,1
T2MB_0252,Dynamics,Martial arts,short,A figure performs a jump front kick with power.,short_text_dataset,8-martial,short_text_dataset/8-martial/027.txt,1
T2MB_0253,Dynamics,Martial arts,short,Someone steps side to side while shadow boxing.,short_text_dataset,8-martial,short_text_dataset/8-martial/028.txt,1
T2MB_0254,Dynamics,Martial arts,short,A person executes a reverse punch with a deep lunge.,short_text_dataset,8-martial,short_text_dataset/8-martial/029.txt,1
T2MB_0255,Dynamics,Martial arts,short,A man blocks an overhead strike with a rising arm.,short_text_dataset,8-martial,short_text_dataset/8-martial/030.txt,1
T2MB_0256,Dynamics,Martial arts,short,A figure performs a knee strike to the torso area.,short_text_dataset,8-martial,short_text_dataset/8-martial/031.txt,1
T2MB_0257,Dynamics,Martial arts,short,Someone rotates hips to deliver a powerful body hook.,short_text_dataset,8-martial,short_text_dataset/8-martial/032.txt,1
T2MB_0258,Dynamics,Martial arts,short,A person stands in a ready stance bouncing on toes.,short_text_dataset,8-martial,short_text_dataset/8-martial/033.txt,1
T2MB_0259,Dynamics,Martial arts,short,A man performs a backfist strike to the side.,short_text_dataset,8-martial,short_text_dataset/8-martial/034.txt,1
T2MB_0260,Dynamics,Martial arts,short,A figure executes a tornado kick spinning in the air.,short_text_dataset,8-martial,short_text_dataset/8-martial/035.txt,1
T2MB_0261,Dynamics,Martial arts,short,Someone pushes hands forward in a defensive shove.,short_text_dataset,8-martial,short_text_dataset/8-martial/036.txt,1
T2MB_0262,Dynamics,Martial arts,short,A person strikes with the knee while pulling arms down.,short_text_dataset,8-martial,short_text_dataset/8-martial/037.txt,1
T2MB_0263,Dynamics,Martial arts,short,A man performs a standard karate punch from the hip.,short_text_dataset,8-martial,short_text_dataset/8-martial/038.txt,1
T2MB_0264,Dynamics,Martial arts,short,A figure kicks low to the shin level quickly.,short_text_dataset,8-martial,short_text_dataset/8-martial/039.txt,1
T2MB_0265,Dynamics,Martial arts,short,Someone circles an opponent with hands up in guard.,short_text_dataset,8-martial,short_text_dataset/8-martial/040.txt,1
T2MB_0266,Dynamics,Martial arts,short,A person performs a hammer fist strike downward.,short_text_dataset,8-martial,short_text_dataset/8-martial/041.txt,1
T2MB_0267,Dynamics,Martial arts,short,A man executes a feint with the right hand.,short_text_dataset,8-martial,short_text_dataset/8-martial/042.txt,1
T2MB_0268,Dynamics,Martial arts,short,A figure performs a spinning hook kick to the head.,short_text_dataset,8-martial,short_text_dataset/8-martial/043.txt,1
T2MB_0269,Dynamics,Martial arts,short,Someone blocks a hook punch with a high guard.,short_text_dataset,8-martial,short_text_dataset/8-martial/044.txt,1
T2MB_0270,Dynamics,Martial arts,short,A person lunges forward with a fencing-style thrust.,short_text_dataset,8-martial,short_text_dataset/8-martial/045.txt,1
T2MB_0271,Dynamics,Martial arts,short,A man performs a ridge hand strike to the neck.,short_text_dataset,8-martial,short_text_dataset/8-martial/046.txt,1
T2MB_0272,Dynamics,Martial arts,short,A figure stamps the foot and punches simultaneously.,short_text_dataset,8-martial,short_text_dataset/8-martial/047.txt,1
T2MB_0273,Dynamics,Martial arts,short,Someone executes a sprawling defense against a takedown.,short_text_dataset,8-martial,short_text_dataset/8-martial/048.txt,1
T2MB_0274,Dynamics,Martial arts,short,A person performs a spinning elbow strike.,short_text_dataset,8-martial,short_text_dataset/8-martial/049.txt,1
T2MB_0275,Dynamics,Martial arts,short,A man bows respectfully before assuming a fighting stance.,short_text_dataset,8-martial,short_text_dataset/8-martial/050.txt,1
T2MB_0276,Complexity,Multi-stage,long,"The body slowly squats down with both arms hanging naturally. After pausing briefly at the lowest point, it gradually stands back up. Once fully upright, the right foot steps half a step forward, and the body then returns to the initial standing posture.",text_dataset,1-multi-stage,text_dataset/1-multi-stage/001.txt,1
T2MB_0277,Complexity,Multi-stage,long,"Start from a standing position with arms naturally hanging down and legs together. Quickly alternate jumping forward with both feet, simulating a hopscotch-like motion, with arms tightly at the sides of the body. Finally, stand steady, keeping an upright position.",text_dataset,1-multi-stage,text_dataset/1-multi-stage/002.txt,1
T2MB_0278,Complexity,Multi-stage,long,"Start from a standing position with legs together and arms naturally hanging down. Quickly alternate jumping with both legs, performing a rapid stepping rhythm, with arms swinging to match the rhythm. Then, jump both legs outward to the sides, and finally return to the standing position with arms naturally hanging down.",text_dataset,1-multi-stage,text_dataset/1-multi-stage/003.txt,1
T2MB_0279,Complexity,Multi-stage,long,"Start from a standing position with slightly bent knees and arms naturally hanging down. Squat down and touch the ground with both hands. Then, quickly push off with the legs to stand up, raising both arms above the head. Finally, lower the arms and return to the standing position, relaxing the legs.",text_dataset,1-multi-stage,text_dataset/1-multi-stage/004.txt,1
T2MB_0280,Complexity,Multi-stage,long,"Start from a standing position with legs together and arms naturally hanging down. Alternately jump with both legs in small, quick jumps while extending the arms forward. Finally, land on both feet and return to the standing position, placing the arms back naturally.",text_dataset,1-multi-stage,text_dataset/1-multi-stage/005.txt,1
T2MB_0281,Complexity,Multi-stage,long,"Start from a standing position with arms naturally hanging down and legs together. Perform rapid small jumps forward and backward on the spot, with arms swinging from side to side. Finally, return to a standing position with arms naturally hanging down.",text_dataset,1-multi-stage,text_dataset/1-multi-stage/006.txt,1
T2MB_0282,Complexity,Multi-stage,long,"Starting from an upright position, the upper body rotates to the left while both feet remain fixed. After reaching the maximum rotation, the body pauses for one second, then rotates back to the neutral position and adjusts posture to regain stability.",text_dataset,1-multi-stage,text_dataset/1-multi-stage/007.txt,1
T2MB_0283,Complexity,Multi-stage,long,"Starting from a standing position, the person bends forward at the waist, keeping the legs straight. The hands reach toward the ground, stopping just before touching the floor. Then the torso slowly rises back to a standing position, with the hands moving upward and eventually returning to the sides.",text_dataset,1-multi-stage,text_dataset/1-multi-stage/008.txt,1
T2MB_0284,Complexity,Multi-stage,long,"The person begins by sitting on the invisible chair with feet flat on the floor. The body leans slightly forward while the hands rest on the knees. After a brief pause, the person pushes through the legs to stand, lifting the body up. Once upright, the person takes a small step backward with the right foot, adjusting the posture to a standing position with both hands by the side of the body.",text_dataset,1-multi-stage,text_dataset/1-multi-stage/009.txt,1
T2MB_0285,Complexity,Multi-stage,long,"The body descends slowly, bending at the knees and hips as if lowering to pick something up. After a brief pause, the legs straighten, and the arms rise upward before bringing the body to a fully standing position.",text_dataset,1-multi-stage,text_dataset/1-multi-stage/010.txt,1
T2MB_0286,Complexity,Multi-stage,long,"The body begins in an upright position, with the arms extended outward at shoulder height. The torso bends at the waist as the body lowers into a squat. At the lowest point, the arms are pulled inward toward the chest. After a brief pause, the body rises back up, extending the arms outward again, and the torso returns to the original neutral stance.",text_dataset,1-multi-stage,text_dataset/1-multi-stage/011.txt,1
T2MB_0287,Complexity,Multi-stage,long,"Start from a standing position with legs together and body slightly leaned forward. Begin stepping forward. Then, swing both arms quickly behind the body and perform a backflip. Finally, land and stabilize in the original position.",text_dataset,1-multi-stage,text_dataset/1-multi-stage/012.txt,1
T2MB_0288,Complexity,Multi-stage,long,"Start from a standing position with legs apart and arms naturally hanging down. Bend the knees slightly and quickly squat down, placing hands on the ground to perform a forward roll. After the roll, land on the feet, and quickly rise back to a standing position.",text_dataset,1-multi-stage,text_dataset/1-multi-stage/013.txt,1
T2MB_0289,Complexity,Multi-stage,long,"Start from a standing position with arms naturally hanging down and feet together. Begin swinging both arms at the sides of the body, mimicking the motion of jumping rope, with legs following and jumping in sync. Finally, land steadily, return the arms to the sides, and return to the standing position.",text_dataset,1-multi-stage,text_dataset/1-multi-stage/014.txt,1
T2MB_0290,Complexity,Multi-stage,long,"Start from a standing position with feet shoulder-width apart and arms hanging naturally. Then, raise both arms straight above the head while simultaneously jumping to spread the legs wider, then jump again to bring the feet together while lowering the arms back to the sides. Finally, remain standing still with the arms resting at the sides and feet together.",text_dataset,1-multi-stage,text_dataset/1-multi-stage/015.txt,1
T2MB_0291,Complexity,Multi-stage,long,"Start from a standing position with feet together and arms at the sides. Then, step the right foot far to the right side while lifting both arms to shoulder height at the sides, then pull the right foot back to center while lowering the arms. Finally, stand still with feet together and arms hanging naturally at the sides.",text_dataset,1-multi-stage,text_dataset/1-multi-stage/016.txt,1
T2MB_0292,Complexity,Multi-stage,long,"Start from a standing position with arms hanging naturally and feet together. Then, rotate the head slowly to look over the right shoulder while lifting the left arm to point forward, and then rotate the head back to the center while lowering the arm. Finally, stand straight with the head facing forward and arms resting at the sides.",text_dataset,1-multi-stage,text_dataset/1-multi-stage/017.txt,1
T2MB_0293,Complexity,Multi-stage,long,"Start from a standing position with arms naturally hanging down and feet together. Then, lift the right knee toward the chest while swinging the left arm forward and the right arm backward. Finally, lower the right leg to the ground and return to a neutral standing position with arms at the sides.",text_dataset,1-multi-stage,text_dataset/1-multi-stage/018.txt,1
T2MB_0294,Complexity,Multi-stage,long,"Start from a standing position with arms hanging naturally and feet together. Then, rotate the torso to the right while extending both arms outward at shoulder height. Finally, rotate the torso back to the center and drop the arms back to the sides.",text_dataset,1-multi-stage,text_dataset/1-multi-stage/019.txt,1
T2MB_0295,Complexity,Multi-stage,long,"Start from a standing position with feet together and arms at the sides. Then, take a large step forward with the right leg into a slight crouch while reaching both arms forward to shoulder level. Finally, push back with the right leg to return to the initial standing position with arms hanging down.",text_dataset,1-multi-stage,text_dataset/1-multi-stage/020.txt,1
T2MB_0296,Complexity,Multi-stage,long,"Start from a standing position with feet together and arms naturally hanging down. Then, tilt the head toward the left shoulder while lifting both elbows out to the sides at chest height. Finally, straighten the head and lower the elbows back to the sides of the torso.",text_dataset,1-multi-stage,text_dataset/1-multi-stage/021.txt,1
T2MB_0297,Complexity,Multi-stage,long,"Start from a standing position with arms raised straight above the head and feet shoulder-width apart. Then, bend the torso forward at the waist while lowering the arms to touch the shins. Finally, slowly lift the torso back to an upright position and lower the arms to hang naturally at the sides.",text_dataset,1-multi-stage,text_dataset/1-multi-stage/022.txt,1
T2MB_0298,Complexity,Multi-stage,long,"Start from a standing position with feet together and arms hanging at the sides. Then, step the left leg out to the side while simultaneously raising both arms to shoulder height to form a T-shape. Finally, step the left leg back to the center and lower both arms back to the sides.",text_dataset,1-multi-stage,text_dataset/1-multi-stage/023.txt,1
T2MB_0299,Complexity,Multi-stage,long,"Start from a standing position with feet together and arms hanging naturally. Then, kick the right leg forward reaching a medium height while swinging the left arm forward to meet it. Finally, retract the right leg to the starting position and bring both arms back down to the sides.",text_dataset,1-multi-stage,text_dataset/1-multi-stage/024.txt,1
T2MB_0300,Complexity,Multi-stage,long,"Start from a standing position with feet together and arms at the sides. Then, rotate the head slowly to look over the right shoulder while simultaneously raising the right arm to point toward the right. Finally, turn the head back to the center and lower the right arm to the side.",text_dataset,1-multi-stage,text_dataset/1-multi-stage/025.txt,1
T2MB_0301,Complexity,Multi-stage,long,"Start from a standing position with arms at the sides and feet together. Then, lift the right knee high while swinging the left arm forward, followed by lifting the left knee high and swinging the right arm forward in a marching motion. Finally, lower both feet to the ground and bring both arms back to the sides.",text_dataset,1-multi-stage,text_dataset/1-multi-stage/026.txt,1
T2MB_0302,Complexity,Multi-stage,long,"Start from a standing position with arms hanging naturally and feet shoulder-width apart. Then, raise both arms above the head while simultaneously jumping to spread the legs wider, then jump again to bring the feet together while lowering the arms. Finally, stand still with arms hanging naturally and feet together.",text_dataset,1-multi-stage,text_dataset/1-multi-stage/027.txt,1
T2MB_0303,Complexity,Multi-stage,long,"Start from a standing position with arms at the sides. Then, step forward with the right leg into a deep bend while extending both arms straight out to the sides for balance. Finally, push back with the right leg to return to the initial standing position and lower the arms.",text_dataset,1-multi-stage,text_dataset/1-multi-stage/028.txt,1
T2MB_0304,Complexity,Multi-stage,long,"Start from a standing position with feet together and arms hanging down. Then, slowly rotate the torso to the right while reaching the left arm across the chest, then rotate the torso to the left while reaching the right arm across the chest. Finally, return the torso to the center and let both arms hang naturally.",text_dataset,1-multi-stage,text_dataset/1-multi-stage/029.txt,1
T2MB_0305,Complexity,Multi-stage,long,"Start from a standing position with arms down and feet shoulder-width apart. Then, raise both arms straight above the head while stepping the right leg out to the side, and then pull the arms back down to the sides while bringing the right leg back to the center. Finally, stand still with arms naturally hanging down and feet together.",text_dataset,1-multi-stage,text_dataset/1-multi-stage/030.txt,1
T2MB_0306,Complexity,Multi-stage,long,"Start from a standing position with arms at the sides and legs together. Then, rotate the torso slowly to the left while keeping the arms extended outward at shoulder height, followed by rotating the torso back to the right. Finally, lower the arms and return to a neutral standing position with legs together.",text_dataset,1-multi-stage,text_dataset/1-multi-stage/031.txt,1
T2MB_0307,Complexity,Multi-stage,long,"Start from a standing position with arms at the sides and feet together. Then, tilt the head to the right shoulder while lifting the left arm to a right angle at the elbow, followed by tilting the head to the left and lowering the arm. Finally, return the head to a centered position and stand with both arms hanging naturally.",text_dataset,1-multi-stage,text_dataset/1-multi-stage/032.txt,1
T2MB_0308,Complexity,Multi-stage,long,"Start from a standing position with arms hanging down. Then, tilt the head to the right while lifting the left leg out to the side and raising the right arm above the head. Finally, straighten the head, lower the arm, and bring the leg back to a neutral standing stance.",text_dataset,1-multi-stage,text_dataset/1-multi-stage/033.txt,1
T2MB_0309,Complexity,Multi-stage,long,"The person begins by raising both arms straight above the head while standing still. After a brief pause, the arms are lowered to the sides as the right leg lifts to bring the knee toward the chest. Finally, the person lowers the right leg to the floor and tilts the head slowly to the left and then back to center.",text_dataset,1-multi-stage,text_dataset/1-multi-stage/034.txt,1
T2MB_0310,Complexity,Multi-stage,long,"Starting from a neutral stance, the person extends the left arm forward at shoulder height. The upper body then twists to the right while the arm remains extended, followed by a transition where the person pulls the left arm back and takes a small step backward with the left foot to reset the posture.",text_dataset,1-multi-stage,text_dataset/1-multi-stage/035.txt,1
T2MB_0311,Complexity,Multi-stage,long,"Beginning in a standing position, the person lifts both heels off the ground to balance on the balls of the feet. While maintaining this lift, the person shrugs both shoulders upward toward the ears. The heels are then lowered back to the floor, and the movement ends with the person turning their head to look over the right shoulder and then the left.",text_dataset,1-multi-stage,text_dataset/1-multi-stage/036.txt,1
T2MB_0312,Complexity,Multi-stage,long,"The person begins by lifting their right knee toward their chest while balancing on the left leg. They hold this position briefly before extending the right leg straight out in front and lowering it slowly to the ground. To finish, they raise both hands to touch the back of their head and then return to a neutral standing stance.",text_dataset,1-multi-stage,text_dataset/1-multi-stage/037.txt,1
T2MB_0313,Complexity,Multi-stage,long,"Starting from a neutral stance, the person tilts their head toward the left shoulder and then rolls it forward to the right shoulder. From there, they extend their left arm directly upward toward the ceiling while the right arm remains down. The movement ends as they bring the left arm down and shrug both shoulders upward once.",text_dataset,1-multi-stage,text_dataset/1-multi-stage/038.txt,1
T2MB_0314,Complexity,Multi-stage,long,"The person begins by raising both arms straight above the head while standing tall. Then, they slowly lower their arms to their sides while simultaneously lifting the right knee toward the chest. Finally, the right foot is placed back on the ground and the head turns to look over the left shoulder before returning to the front.",text_dataset,1-multi-stage,text_dataset/1-multi-stage/039.txt,1
T2MB_0315,Complexity,Multi-stage,long,"Starting from a standing position, the person leans the torso forward at the waist while extending the left leg straight back for balance. After holding this pose, they pull the torso back up to a vertical position and bring the left leg forward to tap the floor in front. The motion ends with the person raising both hands to chest height and then dropping them back to their sides.",text_dataset,1-multi-stage,text_dataset/1-multi-stage/040.txt,1
T2MB_0316,Complexity,Multi-stage,long,"A person stands upright then slowly lifts both arms until they are parallel to the ground while simultaneously stepping the left foot forward. After holding this pose, the arms lower back to the sides as the left foot returns to the starting position. Finally, the person tilts their head toward the right shoulder and then returns it to a neutral centered position.",text_dataset,1-multi-stage,text_dataset/1-multi-stage/041.txt,1
T2MB_0317,Complexity,Multi-stage,long,"The person begins by extending their left arm straight forward and then slowly rotating the entire upper body to the right while keeping the arm extended. After completing the rotation, the body turns back to face forward and the left arm is lowered to the side. To finish, the person takes two small steps backward and stops in a steady upright stance.",text_dataset,1-multi-stage,text_dataset/1-multi-stage/042.txt,1
T2MB_0318,Complexity,Multi-stage,long,"The person begins by tilting their head slowly toward the left shoulder while keeping the rest of the body still. Next, they raise both arms straight up toward the ceiling until the elbows are fully extended. To conclude, they lower both arms in a wide arc down to their sides while simultaneously leveling the head.",text_dataset,1-multi-stage,text_dataset/1-multi-stage/043.txt,1
T2MB_0319,Complexity,Multi-stage,long,"The person begins by raising both arms straight above the head while standing still. Then, they slowly lower their arms to their sides while simultaneously lifting the right knee toward the chest. Finally, they place the right foot back on the ground and tilt their head slightly to the left to finish.",text_dataset,1-multi-stage,text_dataset/1-multi-stage/044.txt,1
T2MB_0320,Complexity,Multi-stage,long,"The person initiates the movement by bending both elbows to bring their hands near their shoulders. They then push both arms straight out to the sides while simultaneously taking a wide step to the right. After a brief pause, they step their feet back together and lower their arms to return to a neutral standing posture.",text_dataset,1-multi-stage,text_dataset/1-multi-stage/045.txt,1
T2MB_0321,Complexity,Multi-stage,long,"The person starts by slowly tilting their torso forward from the waist while keeping their legs straight. From this leaned position, they raise their right arm out to the side until it is parallel with the floor. They then straighten their torso back up and simultaneously lower the right arm to return to a stable upright stance.",text_dataset,1-multi-stage,text_dataset/1-multi-stage/046.txt,1
T2MB_0322,Complexity,Multi-stage,long,"The person stands upright and slowly raises both arms until they are level with the shoulders. Maintaining the arm height, they step the left foot out to the side into a wide stance, then pull the foot back and lower both arms to the sides.",text_dataset,1-multi-stage,text_dataset/1-multi-stage/047.txt,1
T2MB_0323,Complexity,Multi-stage,long,"From a standing position, the person lifts their right knee toward the chest while keeping both arms extended outward for balance. They hold the pose briefly before lowering the leg back to the floor and tilting their head to the right side.",text_dataset,1-multi-stage,text_dataset/1-multi-stage/048.txt,1
T2MB_0324,Complexity,Multi-stage,long,"The person starts by leaning their torso forward and reaching both hands toward the floor. After a short pause, they straighten back up to a neutral standing position and immediately raise their left arm straight up toward the ceiling.",text_dataset,1-multi-stage,text_dataset/1-multi-stage/049.txt,1
T2MB_0325,Complexity,Multi-stage,long,"The person stands straight and swings their left arm forward while simultaneously swinging their right arm backward. They stop the swinging motion to place both hands on their hips, then take two small steps backward before coming to a complete stop.",text_dataset,1-multi-stage,text_dataset/1-multi-stage/050.txt,1
T2MB_0326,Complexity,Multi-stage,short,A person walks forward then turns right to stop.,short_text_dataset,1-multi-stage,short_text_dataset/1-multi-stage/001.txt,1
T2MB_0327,Complexity,Multi-stage,short,A man crouches down low then jumps up high.,short_text_dataset,1-multi-stage,short_text_dataset/1-multi-stage/002.txt,1
T2MB_0328,Complexity,Multi-stage,short,A figure runs forward then suddenly stops and turns.,short_text_dataset,1-multi-stage,short_text_dataset/1-multi-stage/003.txt,1
T2MB_0329,Complexity,Multi-stage,short,Someone sits down on a chair then stands up.,short_text_dataset,1-multi-stage,short_text_dataset/1-multi-stage/004.txt,1
T2MB_0330,Complexity,Multi-stage,short,A person waves right hand then bows deeply.,short_text_dataset,1-multi-stage,short_text_dataset/1-multi-stage/005.txt,1
T2MB_0331,Complexity,Multi-stage,short,Walks backward three steps then runs forward quickly.,short_text_dataset,1-multi-stage,short_text_dataset/1-multi-stage/006.txt,1
T2MB_0332,Complexity,Multi-stage,short,Jumps to the left then jumps to the right.,short_text_dataset,1-multi-stage,short_text_dataset/1-multi-stage/007.txt,1
T2MB_0333,Complexity,Multi-stage,short,A person kneels down then crawls forward on hands.,short_text_dataset,1-multi-stage,short_text_dataset/1-multi-stage/008.txt,1
T2MB_0334,Complexity,Multi-stage,short,Raises both arms up then bends to touch toes.,short_text_dataset,1-multi-stage,short_text_dataset/1-multi-stage/009.txt,1
T2MB_0335,Complexity,Multi-stage,short,A man punches forward then blocks with left arm.,short_text_dataset,1-multi-stage,short_text_dataset/1-multi-stage/010.txt,1
T2MB_0336,Complexity,Multi-stage,short,Spins around in a circle then stands still.,short_text_dataset,1-multi-stage,short_text_dataset/1-multi-stage/011.txt,1
T2MB_0337,Complexity,Multi-stage,short,Walks in a zigzag pattern then stops abruptly.,short_text_dataset,1-multi-stage,short_text_dataset/1-multi-stage/012.txt,1
T2MB_0338,Complexity,Multi-stage,short,Steps forward with right foot then kicks left leg.,short_text_dataset,1-multi-stage,short_text_dataset/1-multi-stage/013.txt,1
T2MB_0339,Complexity,Multi-stage,short,A person lies down then rolls over to the side.,short_text_dataset,1-multi-stage,short_text_dataset/1-multi-stage/014.txt,1
T2MB_0340,Complexity,Multi-stage,short,Claps hands twice then raises arms high.,short_text_dataset,1-multi-stage,short_text_dataset/1-multi-stage/015.txt,1
T2MB_0341,Complexity,Multi-stage,short,Squats low then side steps to the left.,short_text_dataset,1-multi-stage,short_text_dataset/1-multi-stage/016.txt,1
T2MB_0342,Complexity,Multi-stage,short,Hops on one leg then switches to the other.,short_text_dataset,1-multi-stage,short_text_dataset/1-multi-stage/017.txt,1
T2MB_0343,Complexity,Multi-stage,short,"Walks forward, looks around, then walks back.",short_text_dataset,1-multi-stage,short_text_dataset/1-multi-stage/018.txt,1
T2MB_0344,Complexity,Multi-stage,short,A person stretches arms then does a jumping jack.,short_text_dataset,1-multi-stage,short_text_dataset/1-multi-stage/019.txt,1
T2MB_0345,Complexity,Multi-stage,short,Picks up an object then throws it far forward.,short_text_dataset,1-multi-stage,short_text_dataset/1-multi-stage/020.txt,1
T2MB_0346,Complexity,Multi-stage,short,Walks up stairs then turns and walks down.,short_text_dataset,1-multi-stage,short_text_dataset/1-multi-stage/021.txt,1
T2MB_0347,Complexity,Multi-stage,short,A person lunges forward then returns to standing.,short_text_dataset,1-multi-stage,short_text_dataset/1-multi-stage/022.txt,1
T2MB_0348,Complexity,Multi-stage,short,Shakes head no then nods head yes.,short_text_dataset,1-multi-stage,short_text_dataset/1-multi-stage/023.txt,1
T2MB_0349,Complexity,Multi-stage,short,Runs in a circle then falls to the ground.,short_text_dataset,1-multi-stage,short_text_dataset/1-multi-stage/024.txt,1
T2MB_0350,Complexity,Multi-stage,short,A person salutes then stands at attention.,short_text_dataset,1-multi-stage,short_text_dataset/1-multi-stage/025.txt,1
T2MB_0351,Complexity,Multi-stage,short,Crawls on hands and knees then stands up.,short_text_dataset,1-multi-stage,short_text_dataset/1-multi-stage/026.txt,1
T2MB_0352,Complexity,Multi-stage,short,Jumps forward then jumps backward to start position.,short_text_dataset,1-multi-stage,short_text_dataset/1-multi-stage/027.txt,1
T2MB_0353,Complexity,Multi-stage,short,A man leans right then leans to the left.,short_text_dataset,1-multi-stage,short_text_dataset/1-multi-stage/028.txt,1
T2MB_0354,Complexity,Multi-stage,short,Walks forward then walks backward slowly.,short_text_dataset,1-multi-stage,short_text_dataset/1-multi-stage/029.txt,1
T2MB_0355,Complexity,Multi-stage,short,Kicks right leg then punches with left hand.,short_text_dataset,1-multi-stage,short_text_dataset/1-multi-stage/030.txt,1
T2MB_0356,Complexity,Multi-stage,short,A person stumbles forward then regains balance.,short_text_dataset,1-multi-stage,short_text_dataset/1-multi-stage/031.txt,1
T2MB_0357,Complexity,Multi-stage,short,Sits on the floor then crosses legs comfortably.,short_text_dataset,1-multi-stage,short_text_dataset/1-multi-stage/032.txt,1
T2MB_0358,Complexity,Multi-stage,short,Raises right hand then scratches head.,short_text_dataset,1-multi-stage,short_text_dataset/1-multi-stage/033.txt,1
T2MB_0359,Complexity,Multi-stage,short,Walks while clapping then stops and waves.,short_text_dataset,1-multi-stage,short_text_dataset/1-multi-stage/034.txt,1
T2MB_0360,Complexity,Multi-stage,short,A figure bends forward then leans backward.,short_text_dataset,1-multi-stage,short_text_dataset/1-multi-stage/035.txt,1
T2MB_0361,Complexity,Multi-stage,short,Jumps vertically then lands in a squat position.,short_text_dataset,1-multi-stage,short_text_dataset/1-multi-stage/036.txt,1
T2MB_0362,Complexity,Multi-stage,short,Walks forward then steps over an obstacle.,short_text_dataset,1-multi-stage,short_text_dataset/1-multi-stage/037.txt,1
T2MB_0363,Complexity,Multi-stage,short,Turns 180 degrees then walks away quickly.,short_text_dataset,1-multi-stage,short_text_dataset/1-multi-stage/038.txt,1
T2MB_0364,Complexity,Multi-stage,short,A person dances briefly then bows to audience.,short_text_dataset,1-multi-stage,short_text_dataset/1-multi-stage/039.txt,1
T2MB_0365,Complexity,Multi-stage,short,Swings a bat then runs to the right.,short_text_dataset,1-multi-stage,short_text_dataset/1-multi-stage/040.txt,1
T2MB_0366,Complexity,Multi-stage,short,Pushes a heavy object then wipes forehead.,short_text_dataset,1-multi-stage,short_text_dataset/1-multi-stage/041.txt,1
T2MB_0367,Complexity,Multi-stage,short,Walks sideways then turns to walk forward.,short_text_dataset,1-multi-stage,short_text_dataset/1-multi-stage/042.txt,1
T2MB_0368,Complexity,Multi-stage,short,A man jogs in place then sprints forward.,short_text_dataset,1-multi-stage,short_text_dataset/1-multi-stage/043.txt,1
T2MB_0369,Complexity,Multi-stage,short,Lifts a heavy weight then drops it down.,short_text_dataset,1-multi-stage,short_text_dataset/1-multi-stage/044.txt,1
T2MB_0370,Complexity,Multi-stage,short,Tries to fly then shrugs shoulders.,short_text_dataset,1-multi-stage,short_text_dataset/1-multi-stage/045.txt,1
T2MB_0371,Complexity,Multi-stage,short,A person skips forward then stops to look.,short_text_dataset,1-multi-stage,short_text_dataset/1-multi-stage/046.txt,1
T2MB_0372,Complexity,Multi-stage,short,Marches in place then salutes with right hand.,short_text_dataset,1-multi-stage,short_text_dataset/1-multi-stage/047.txt,1
T2MB_0373,Complexity,Multi-stage,short,Rubs hands together then claps once.,short_text_dataset,1-multi-stage,short_text_dataset/1-multi-stage/048.txt,1
T2MB_0374,Complexity,Multi-stage,short,Walks casually then checks phone in hand.,short_text_dataset,1-multi-stage,short_text_dataset/1-multi-stage/049.txt,1
T2MB_0375,Complexity,Multi-stage,short,A person trips over then gets up quickly.,short_text_dataset,1-multi-stage,short_text_dataset/1-multi-stage/050.txt,1
T2MB_0376,Complexity,Asymmetric,long,"Initially, the left arm executes a rapid overhead punch while the right arm holds a steady guard position near the chin. As the left arm retracts to the chest, the right arm pushes forward into a slow palm strike. Finally, the left arm remains tucked at the ribs while the right arm returns to its vertical resting position by the side.",text_dataset,3-asymmetric,text_dataset/3-asymmetric/001.txt,1
T2MB_0377,Complexity,Asymmetric,long,"At the start, the left leg performs a high forward kick while the right leg maintains full weight-bearing balance on the ground. During the peak of the kick, the left leg bends at the knee to hover while the right leg performs a small lateral hop. Finally, the left leg returns to a standing position while the right leg stabilizes and remains perfectly still.",text_dataset,3-asymmetric,text_dataset/3-asymmetric/002.txt,1
T2MB_0378,Complexity,Asymmetric,long,"At the start, the left arm extends straight forward at shoulder height while the right arm bends deeply at the elbow to touch the right shoulder. During the movement, the left arm swings in a wide horizontal arc to the left side while the right arm punches directly forward. Finally, the left arm drops to the side of the thigh while the right arm retracts to a resting position against the torso.",text_dataset,3-asymmetric,text_dataset/3-asymmetric/003.txt,1
T2MB_0379,Complexity,Asymmetric,long,"Initially, the left leg lifts into a high knee tuck while the right leg remains planted straight on the ground. Then, the left leg extends fully to the side while the right leg performs a shallow knee bend in place. To finish, the left foot returns to a neutral standing position while the right leg straightens and the right arm raises into a vertical salute.",text_dataset,3-asymmetric,text_dataset/3-asymmetric/004.txt,1
T2MB_0380,Complexity,Asymmetric,long,"In the opening phase, the left arm mimics a shielding motion over the forehead while the right arm reaches down to touch the right knee. Next, the left arm sweeps outward to the side while the right arm moves to the center of the chest with a clenched fist. At the end, the left arm drops to the thigh while the right arm pushes straight forward into the air.",text_dataset,3-asymmetric,text_dataset/3-asymmetric/005.txt,1
T2MB_0381,Complexity,Asymmetric,long,"During the start, the left leg performs a high knee lift toward the chest while the right leg maintains a solid, grounded stance with a slight knee bend. Following this, the left leg extends fully to the side in a lateral kick, while the right leg remains stationary but the right arm rises to chest height for balance. In the end, the left foot returns to the floor into a wide stance, while the right leg executes a quick backward step.",text_dataset,3-asymmetric,text_dataset/3-asymmetric/006.txt,1
T2MB_0382,Complexity,Asymmetric,long,"In the opening phase, the left hand is placed flat on top of the head while the right hand makes a continuous rubbing motion on the stomach in a circular pattern. During the middle phase, the left hand begins to pat the top of the head rhythmically, while the right hand switches to a linear up-and-down sliding motion on the torso. To conclude, the left hand slides down to cover the left eye, while the right hand extends outward with an open palm toward the front.",text_dataset,3-asymmetric,text_dataset/3-asymmetric/007.txt,1
T2MB_0383,Complexity,Asymmetric,long,"Initially, the left hand draws a small square in the air while the right hand moves in a continuous fluid circle. Then, the left hand increases its speed and changes to a zigzag pattern while the right hand slows down to a rhythmic tapping on the thigh. Finally, both hands come to an abrupt halt with the left hand open and the right hand clenched into a fist.",text_dataset,3-asymmetric,text_dataset/3-asymmetric/008.txt,1
T2MB_0384,Complexity,Asymmetric,long,"First, the left shoulder shrugs upward toward the ear while the right shoulder is pushed downward and slightly backward. Then, the left arm extends laterally to the side while the right arm crosses the chest to touch the left shoulder. Finally, the left arm remains extended while the right arm drops vertically, and the left leg lifts slightly off the ground.",text_dataset,3-asymmetric,text_dataset/3-asymmetric/009.txt,1
T2MB_0385,Complexity,Asymmetric,long,"Starting from a neutral stance, the left leg lifts into a high knee position while the right leg remains firmly planted on the ground for support. Next, the left leg extends straight forward in a kicking motion while the right arm simultaneously punches forward at chest height. Finally, the left foot returns to the floor to regain a stable stance while both arms drop back to a relaxed vertical position alongside the thighs.",text_dataset,3-asymmetric,text_dataset/3-asymmetric/010.txt,1
T2MB_0386,Complexity,Asymmetric,long,"As the action begins, the left leg lifts forward with a bent knee to a high position while the right leg remains planted firmly on the ground to provide balance. Next, the left leg extends straight outward into the air while the right leg performs a shallow bend at the knee. Finally, the left leg lowers slowly to return to a standing posture while the right leg straightens to its original vertical alignment.",text_dataset,3-asymmetric,text_dataset/3-asymmetric/011.txt,1
T2MB_0387,Complexity,Asymmetric,long,"At the start, the left foot steps far to the side while the right foot stays fixed in place. During the transition, the left knee bends deeply into a side lunge while the right leg remains completely straight and elongated. At the end of the movement, the left leg pushes off the ground to return to the center while the right leg maintains its stationary position to anchor the body.",text_dataset,3-asymmetric,text_dataset/3-asymmetric/012.txt,1
T2MB_0388,Complexity,Asymmetric,long,"First, the left leg lifts high with the knee bent toward the chest, while the right leg remains rooted firmly to the ground for balance. Next, the left leg thrusts forward and straightens into the air, while the right leg performs a shallow bend at the knee. Finally, the left leg lowers slowly to a hovering position above the floor, and the right leg returns to a fully upright standing posture.",text_dataset,3-asymmetric,text_dataset/3-asymmetric/013.txt,1
T2MB_0389,Complexity,Asymmetric,long,"Initially, the left arm executes a rapid circular motion in front of the torso, while the right arm extends straight out to the side and stays motionless. Next, the left arm transitions into a slow upward stretch toward the ceiling, while the right arm performs short pulsing movements downward. To finish, the left arm drops quickly to the hip, while the right arm slowly folds inward to touch the opposite shoulder.",text_dataset,3-asymmetric,text_dataset/3-asymmetric/014.txt,1
T2MB_0390,Complexity,Asymmetric,long,"The movement begins with the left foot tracing a large arc on the ground, while the right foot balances weight on the toes with the heel lifted high. Moving forward, the left leg lifts into a sideways lateral raise, while the right leg stays straight and pivots slightly inward. At the end, the left leg crosses behind the right leg to a resting point, while the right leg lowers the heel and becomes fully stationary.",text_dataset,3-asymmetric,text_dataset/3-asymmetric/015.txt,1
T2MB_0391,Complexity,Asymmetric,long,"At the beginning, the left leg lifts high with the knee bent toward the chest, while the right leg remains firmly planted and straight on the ground. Then, the left leg extends forward into the air, while the right leg performs a shallow bend at the knee to lower the body slightly. Finally, the left leg returns to the floor in a wide stance, while the right leg straightens and shifts its weight toward the center.",text_dataset,3-asymmetric,text_dataset/3-asymmetric/016.txt,1
T2MB_0392,Complexity,Asymmetric,long,"At the beginning, the left leg lifts high with a bent knee while the right leg remains firmly planted and straight on the ground. Next, the left leg extends forward in mid-air as the right leg performs a small hop to maintain balance. Finally, the left leg slowly lowers to the floor while the right leg stands still in its original position.",text_dataset,3-asymmetric,text_dataset/3-asymmetric/017.txt,1
T2MB_0393,Complexity,Asymmetric,long,"Initially, the left arm swings forward to a horizontal level while the right arm pulls far back behind the torso. Then, the left arm moves across the chest toward the opposite shoulder as the right arm lifts high above the head. To finish, the left arm drops straight down to the side while the right arm returns to a relaxed vertical hanging position.",text_dataset,3-asymmetric,text_dataset/3-asymmetric/018.txt,1
T2MB_0394,Complexity,Asymmetric,long,"First, the torso tilts deeply toward the left side while the head rotates to look toward the right shoulder. During the movement, the left arm reaches toward the floor and the right arm bends at the elbow to touch the back of the neck. In the final phase, the torso returns to a neutral upright stance as the head and both arms return to a symmetrical resting position.",text_dataset,3-asymmetric,text_dataset/3-asymmetric/019.txt,1
T2MB_0395,Complexity,Asymmetric,long,"In the opening phase, the left leg slides out to the side while the right leg bends deeply at the knee. Subsequently, the left leg remains extended away from the body while the right leg straightens to lift the entire body upward. To conclude, the left leg slides back to meet the right leg as both legs stand together vertically.",text_dataset,3-asymmetric,text_dataset/3-asymmetric/020.txt,1
T2MB_0396,Complexity,Asymmetric,long,"Initially, the left arm performs a large upward arc while the right arm remains tucked tightly against the side of the torso. Then, the left arm holds its high position while the right arm begins a rapid forward and backward swing at the hip level. Finally, the left arm descends slowly to the side while the right arm ceases its motion and rests against the thigh.",text_dataset,3-asymmetric,text_dataset/3-asymmetric/021.txt,1
T2MB_0397,Complexity,Asymmetric,long,"The torso tilts deeply to the left side while the right leg remains stationary and vertical. Following this, the left arm reaches downward toward the floor while the right arm bends at the elbow and the hand moves toward the shoulder. At the end, the torso returns to a vertical position and both arms relax down to the sides.",text_dataset,3-asymmetric,text_dataset/3-asymmetric/022.txt,1
T2MB_0398,Complexity,Asymmetric,long,"The right leg lifts high toward the chest while the left leg maintains full contact with the ground. Subsequently, the right leg extends straight out to the front while the left arm rises to a horizontal position in front of the chest. Lastly, the right leg lowers slowly to meet the left foot while the left arm drops back to the side of the body.",text_dataset,3-asymmetric,text_dataset/3-asymmetric/023.txt,1
T2MB_0399,Complexity,Asymmetric,long,"In the beginning, the left arm reaches straight forward at chest level while the right arm lifts vertically above the head. Then, the left arm pulls backward until the elbow passes the torso, while the right arm lowers to a horizontal position pointing sideways. At the end, the left arm rests at the side of the body, while the right arm completes a downward motion to touch the right hip.",text_dataset,3-asymmetric,text_dataset/3-asymmetric/024.txt,1
T2MB_0400,Complexity,Asymmetric,long,"Initially, the left arm raises out to the side until it reaches shoulder level while the right arm stays relaxed at the side of the torso. Transitioning forward, the left arm moves in a horizontal arc to the front of the chest while the right arm lifts vertically toward the head. To finish, the left arm drops back down to the thigh while the right arm holds its high position briefly before lowering.",text_dataset,3-asymmetric,text_dataset/3-asymmetric/025.txt,1
T2MB_0401,Complexity,Asymmetric,long,"To begin, the left arm swings forward while the right arm simultaneously swings backward behind the hips. During the middle phase, the left arm moves from the front to a high position above the head while the right arm moves forward to waist height. Finally, the left arm lowers to the side of the body while the right arm reaches its furthest point forward and then returns to the side.",text_dataset,3-asymmetric,text_dataset/3-asymmetric/026.txt,1
T2MB_0402,Complexity,Asymmetric,long,"Initially, the left arm is raised high above the head while the right arm remains tucked tightly against the torso. Then, the left arm slowly lowers to a horizontal position sideways as the right arm extends forward at chest height. Finally, the left arm returns to its vertical hanging position while the right arm performs a rapid upward lift before coming to a complete rest.",text_dataset,3-asymmetric,text_dataset/3-asymmetric/027.txt,1
T2MB_0403,Complexity,Asymmetric,long,"The movement starts with the head tilting deep toward the left shoulder while the torso remains perfectly upright. Next, the head slowly rotates to look toward the right as the torso leans forward at a steep angle. In the final phase, the head returns to a neutral centered position while the torso slowly straightens back to its original vertical alignment.",text_dataset,3-asymmetric,text_dataset/3-asymmetric/028.txt,1
T2MB_0404,Complexity,Asymmetric,long,"To start, the left leg steps far to the side while the right leg remains fixed in its original position. Then, the left knee bends deeply while the left arm stays down, and the right leg stays straight while the right arm raises high above. Finally, the left leg slides back to center and the right arm lowers until both sides are symmetrical and still.",text_dataset,3-asymmetric,text_dataset/3-asymmetric/029.txt,1
T2MB_0405,Complexity,Asymmetric,long,"Initially, the left arm rises slowly to the side at shoulder height while the right arm remains tucked against the torso. Next, the left arm rotates inward toward the chest as the right arm suddenly extends straight upward above the head. To finish, the left arm drops back to the side while the right arm slowly lowers to a medium height pointing forward.",text_dataset,3-asymmetric,text_dataset/3-asymmetric/030.txt,1
T2MB_0406,Complexity,Asymmetric,long,"In the first phase, the right leg steps backward into a long stride while the left leg stays stationary with the knee slightly flexed. During the middle phase, the right leg stays extended behind while the left leg performs a small upward hop. At the conclusion, the right leg swings forward to the original position while the left leg stabilizes and straightens.",text_dataset,3-asymmetric,text_dataset/3-asymmetric/031.txt,1
T2MB_0407,Complexity,Asymmetric,long,"First, the right arm makes a wide sweeping motion upward while the left arm remains hanging straight down. Then, the right arm holds its high position while the left arm begins a rapid forward and backward swing at waist height. Finally, the right arm drops quickly to the thigh while the left arm ceases all movement and stays vertically aligned with the body.",text_dataset,3-asymmetric,text_dataset/3-asymmetric/032.txt,1
T2MB_0408,Complexity,Asymmetric,long,"The left leg begins by stepping far back into a deep stance while the right leg remains stationary with a slight bend at the knee. Subsequently, the left leg pushes forward to a neutral position while the right leg lifts outward in a wide lateral motion. At the end, the left leg stands tall and firm while the right leg slowly lowers until the foot is flat on the floor.",text_dataset,3-asymmetric,text_dataset/3-asymmetric/033.txt,1
T2MB_0409,Complexity,Asymmetric,long,"First, the left arm rises slowly to shoulder height while the right arm remains stationary at the side of the torso. Then, the left arm starts a wide lateral swing outward while the right arm lifts vertically toward the chest. Finally, the left arm hangs back down to the thigh while the right arm stays tucked against the ribs.",text_dataset,3-asymmetric,text_dataset/3-asymmetric/034.txt,1
T2MB_0410,Complexity,Asymmetric,long,"To start, the left arm reaches high above the head while the right arm swings backward behind the hip. In the middle of the motion, the left arm drops to a horizontal position while the right arm moves forward to the front of the stomach. Finally, the left arm rests at the side while the right arm returns to a natural hanging position.",text_dataset,3-asymmetric,text_dataset/3-asymmetric/035.txt,1
T2MB_0411,Complexity,Asymmetric,long,"In the initial phase, the left leg lifts high with a bent knee while the right leg remains firmly planted and straight. Following this, the left leg extends forward in mid-air as the right leg performs a small hop vertically. To finish, the left leg lowers slowly to touch the ground with the heel, while the right leg stays stationary and supports the full body weight.",text_dataset,3-asymmetric,text_dataset/3-asymmetric/036.txt,1
T2MB_0412,Complexity,Asymmetric,long,"At the start, the torso tilts significantly toward the left side while the head remains perfectly upright. Next, the torso straightens back to a neutral position while the head tilts downward toward the chest. In the final stage, the torso twists toward the right side as the head tilts upward to look at the sky.",text_dataset,3-asymmetric,text_dataset/3-asymmetric/037.txt,1
T2MB_0413,Complexity,Asymmetric,long,"The left leg takes a wide step forward while the right leg remains firmly planted on the ground. As the left leg bends deeply at the knee, the right leg fully extends backward to maintain balance. Finally, the left leg pushes back to a standing position, and the right leg shifts slightly to stabilize the torso.",text_dataset,3-asymmetric,text_dataset/3-asymmetric/038.txt,1
T2MB_0414,Complexity,Asymmetric,long,"The left arm performs a small forward wave while the right arm stays tucked behind the back. Next, the left arm extends fully toward the side, while the right arm moves to the front of the stomach. The sequence ends with the left arm dropping to the side and the right arm returning to its initial position behind the torso.",text_dataset,3-asymmetric,text_dataset/3-asymmetric/039.txt,1
T2MB_0415,Complexity,Asymmetric,long,"The left leg lifts until the thigh is parallel to the ground while the right leg supports the body weight with a slight bend. Then, the left leg extends straight out to the front at a medium height, while the right leg straightens completely. Finally, the left leg lowers to the floor as the right leg maintains its vertical stance.",text_dataset,3-asymmetric,text_dataset/3-asymmetric/040.txt,1
T2MB_0416,Complexity,Asymmetric,long,"At the start, the left arm raises straight forward to chest height while the right arm remains still against the torso. Next, the left arm slowly moves outward to the side while the right arm swings backward at a low angle. Finally, the left arm lowers to the side of the hip while the right arm returns to its vertical resting position.",text_dataset,3-asymmetric,text_dataset/3-asymmetric/041.txt,1
T2MB_0417,Complexity,Asymmetric,long,"Initially, the left leg lifts high with the knee bent while the right leg remains firmly planted on the ground. Then, the left leg extends forward in the air while the right leg performs a slight bend at the knee to lower the torso. To finish, the left leg retracts and the foot returns to the floor while the right leg straightens back to a full standing posture.",text_dataset,3-asymmetric,text_dataset/3-asymmetric/042.txt,1
T2MB_0418,Complexity,Asymmetric,long,"The motion begins with the head tilting toward the left shoulder while the torso remains upright and centered. Subsequently, the head rotates back to the center while the torso leans significantly toward the right side. In the final phase, the head remains steady and forward-facing while the torso pulls back to a balanced vertical alignment.",text_dataset,3-asymmetric,text_dataset/3-asymmetric/043.txt,1
T2MB_0419,Complexity,Asymmetric,long,"The process starts with the left arm extending directly above the head while the right arm bends at the elbow to place the hand behind the neck. Following this, the left arm drops to a horizontal position at shoulder level while the right arm extends straight out to the side. At the end, the left arm falls back to the thigh while the right arm also lowers to rest by the side.",text_dataset,3-asymmetric,text_dataset/3-asymmetric/044.txt,1
T2MB_0420,Complexity,Asymmetric,long,"At the beginning, the left leg steps far to the left side while the right leg maintains its original position without moving. Then, the left leg pushes off the ground to return toward the center while the right leg lifts the knee toward the chest. Finally, the left foot settles back into a neutral stance while the right leg reaches down to place the foot back on the ground.",text_dataset,3-asymmetric,text_dataset/3-asymmetric/045.txt,1
T2MB_0421,Complexity,Asymmetric,long,"At the beginning, the left leg steps far to the side while the right leg stays stationary and vertical. Next, the left knee bends deeply into a weight-bearing posture as the right leg slides inward toward the midline of the body. In the final phase, the left leg pushes back to the center while the right leg lifts the foot slightly off the floor.",text_dataset,3-asymmetric,text_dataset/3-asymmetric/046.txt,1
T2MB_0422,Complexity,Asymmetric,long,"The torso begins by leaning sharply backward while the left arm reaches high above the head and the right arm hangs loosely toward the ground. Following this, the torso rotates toward the left side while the left arm lowers to chest level and the right arm swings across the waist. To finish, the torso returns to a neutral upright position while both arms drop to the thighs.",text_dataset,3-asymmetric,text_dataset/3-asymmetric/047.txt,1
T2MB_0423,Complexity,Asymmetric,long,"First, the left arm moves in an upward diagonal path across the face while the right arm extends backward behind the torso. Then, the left arm stays fixed in space as the right arm transitions into a large forward swing that stops at the waist. Finally, the left arm drops rapidly to the side while the right arm remains positioned in front of the body.",text_dataset,3-asymmetric,text_dataset/3-asymmetric/048.txt,1
T2MB_0424,Complexity,Asymmetric,long,"To begin, the torso tilts deeply toward the left side while the head turns to face the right. Then, the torso slowly returns to a central vertical position and the head bows forward toward the chest. Finally, the torso remains upright and still while the head slowly tilts back to look toward the sky.",text_dataset,3-asymmetric,text_dataset/3-asymmetric/049.txt,1
T2MB_0425,Complexity,Asymmetric,long,"In the beginning, the left leg steps far to the side while the right leg stays stationary and centered. During the middle phase, the left leg pulls back toward the midline and the right leg lifts off the ground with the knee bent. At the end, the left leg supports the full body weight while the right leg extends backward and then returns to the floor.",text_dataset,3-asymmetric,text_dataset/3-asymmetric/050.txt,1
T2MB_0426,Complexity,Asymmetric,short,Left arm circles clockwise while right arm punches forward.,short_text_dataset,3-asymmetric,short_text_dataset/3-asymmetric/001.txt,1
T2MB_0427,Complexity,Asymmetric,short,Raises right hand high while kicking left leg sideways.,short_text_dataset,3-asymmetric,short_text_dataset/3-asymmetric/002.txt,1
T2MB_0428,Complexity,Asymmetric,short,Left hand pats head while right hand rubs stomach.,short_text_dataset,3-asymmetric,short_text_dataset/3-asymmetric/003.txt,1
T2MB_0429,Complexity,Asymmetric,short,Holds left arm steady while right arm waves vigorously.,short_text_dataset,3-asymmetric,short_text_dataset/3-asymmetric/004.txt,1
T2MB_0430,Complexity,Asymmetric,short,Right leg hops continuously while left leg stays bent.,short_text_dataset,3-asymmetric,short_text_dataset/3-asymmetric/005.txt,1
T2MB_0431,Complexity,Asymmetric,short,Left arm extends side while right arm touches left shoulder.,short_text_dataset,3-asymmetric,short_text_dataset/3-asymmetric/006.txt,1
T2MB_0432,Complexity,Asymmetric,short,Punches with left hand while blocking with right knee.,short_text_dataset,3-asymmetric,short_text_dataset/3-asymmetric/007.txt,1
T2MB_0433,Complexity,Asymmetric,short,Right arm salutes while left arm hangs loosely by side.,short_text_dataset,3-asymmetric,short_text_dataset/3-asymmetric/008.txt,1
T2MB_0434,Complexity,Asymmetric,short,Left leg lunges forward while right arm raises backward.,short_text_dataset,3-asymmetric,short_text_dataset/3-asymmetric/009.txt,1
T2MB_0435,Complexity,Asymmetric,short,Circles left foot while writing in air with right hand.,short_text_dataset,3-asymmetric,short_text_dataset/3-asymmetric/010.txt,1
T2MB_0436,Complexity,Asymmetric,short,Right hand covers eye while left hand points forward.,short_text_dataset,3-asymmetric,short_text_dataset/3-asymmetric/011.txt,1
T2MB_0437,Complexity,Asymmetric,short,Leans torso to the left while lifting right leg high.,short_text_dataset,3-asymmetric,short_text_dataset/3-asymmetric/012.txt,1
T2MB_0438,Complexity,Asymmetric,short,Left arm does a bicep curl while right arm pushes down.,short_text_dataset,3-asymmetric,short_text_dataset/3-asymmetric/013.txt,1
T2MB_0439,Complexity,Asymmetric,short,Right hand scratches head while left hand rests on hip.,short_text_dataset,3-asymmetric,short_text_dataset/3-asymmetric/014.txt,1
T2MB_0440,Complexity,Asymmetric,short,Swings left leg forward while swinging right arm backward.,short_text_dataset,3-asymmetric,short_text_dataset/3-asymmetric/015.txt,1
T2MB_0441,Complexity,Asymmetric,short,Holds a tray with left hand while walking with right arm swinging.,short_text_dataset,3-asymmetric,short_text_dataset/3-asymmetric/016.txt,1
T2MB_0442,Complexity,Asymmetric,short,Left hand touches right toe while right hand reaches up.,short_text_dataset,3-asymmetric,short_text_dataset/3-asymmetric/017.txt,1
T2MB_0443,Complexity,Asymmetric,short,Right arm hugs chest while left arm flaps like a bird.,short_text_dataset,3-asymmetric,short_text_dataset/3-asymmetric/018.txt,1
T2MB_0444,Complexity,Asymmetric,short,Left leg stands still while right leg kicks repeatedly.,short_text_dataset,3-asymmetric,short_text_dataset/3-asymmetric/019.txt,1
T2MB_0445,Complexity,Asymmetric,short,Right hand draws a square while left hand draws a circle.,short_text_dataset,3-asymmetric,short_text_dataset/3-asymmetric/020.txt,1
T2MB_0446,Complexity,Asymmetric,short,Left arm shields face while right arm punches low.,short_text_dataset,3-asymmetric,short_text_dataset/3-asymmetric/021.txt,1
T2MB_0447,Complexity,Asymmetric,short,Right foot taps rhythmically while left foot stands planted.,short_text_dataset,3-asymmetric,short_text_dataset/3-asymmetric/022.txt,1
T2MB_0448,Complexity,Asymmetric,short,Tilts head left while pointing right hand to the right.,short_text_dataset,3-asymmetric,short_text_dataset/3-asymmetric/023.txt,1
T2MB_0449,Complexity,Asymmetric,short,Left hand grabs right elbow while right hand waves.,short_text_dataset,3-asymmetric,short_text_dataset/3-asymmetric/024.txt,1
T2MB_0450,Complexity,Asymmetric,short,Right leg performs high knees while left leg walks normally.,short_text_dataset,3-asymmetric,short_text_dataset/3-asymmetric/025.txt,1
T2MB_0451,Complexity,Asymmetric,short,Left arm is rigid while right arm moves fluidly like water.,short_text_dataset,3-asymmetric,short_text_dataset/3-asymmetric/026.txt,1
T2MB_0452,Complexity,Asymmetric,short,Right hand points up while left hand points down.,short_text_dataset,3-asymmetric,short_text_dataset/3-asymmetric/027.txt,1
T2MB_0453,Complexity,Asymmetric,short,Drags left leg injuredly while stepping strong with right leg.,short_text_dataset,3-asymmetric,short_text_dataset/3-asymmetric/028.txt,1
T2MB_0454,Complexity,Asymmetric,short,Left hand holds a phone while right hand gestures wildly.,short_text_dataset,3-asymmetric,short_text_dataset/3-asymmetric/029.txt,1
T2MB_0455,Complexity,Asymmetric,short,Right arm throws a ball while left arm stays behind back.,short_text_dataset,3-asymmetric,short_text_dataset/3-asymmetric/030.txt,1
T2MB_0456,Complexity,Asymmetric,short,Left shoulder shrugs while right shoulder stays depressed.,short_text_dataset,3-asymmetric,short_text_dataset/3-asymmetric/031.txt,1
T2MB_0457,Complexity,Asymmetric,short,Right hand twists imaginary knob while left hand stays still.,short_text_dataset,3-asymmetric,short_text_dataset/3-asymmetric/032.txt,1
T2MB_0458,Complexity,Asymmetric,short,Left leg kicks back while right arm reaches forward.,short_text_dataset,3-asymmetric,short_text_dataset/3-asymmetric/033.txt,1
T2MB_0459,Complexity,Asymmetric,short,Right arm mimics drinking while left arm drives a car.,short_text_dataset,3-asymmetric,short_text_dataset/3-asymmetric/034.txt,1
T2MB_0460,Complexity,Asymmetric,short,Wipes forehead with left hand while holding bag in right.,short_text_dataset,3-asymmetric,short_text_dataset/3-asymmetric/035.txt,1
T2MB_0461,Complexity,Asymmetric,short,Left arm swings horizontally while right arm swings vertically.,short_text_dataset,3-asymmetric,short_text_dataset/3-asymmetric/036.txt,1
T2MB_0462,Complexity,Asymmetric,short,Right foot steps wide while left foot pivots in place.,short_text_dataset,3-asymmetric,short_text_dataset/3-asymmetric/037.txt,1
T2MB_0463,Complexity,Asymmetric,short,Left hand covers mouth while right hand waves hello.,short_text_dataset,3-asymmetric,short_text_dataset/3-asymmetric/038.txt,1
T2MB_0464,Complexity,Asymmetric,short,Right arm flexes muscle while left arm hangs dead.,short_text_dataset,3-asymmetric,short_text_dataset/3-asymmetric/039.txt,1
T2MB_0465,Complexity,Asymmetric,short,Left leg crosses over right while arms stay wide open.,short_text_dataset,3-asymmetric,short_text_dataset/3-asymmetric/040.txt,1
T2MB_0466,Complexity,Asymmetric,short,Right hand snaps fingers while left hand claps thigh.,short_text_dataset,3-asymmetric,short_text_dataset/3-asymmetric/041.txt,1
T2MB_0467,Complexity,Asymmetric,short,Left arm reaches for pocket while right arm fixes hair.,short_text_dataset,3-asymmetric,short_text_dataset/3-asymmetric/042.txt,1
T2MB_0468,Complexity,Asymmetric,short,Right leg limps heavily while left arm swings high.,short_text_dataset,3-asymmetric,short_text_dataset/3-asymmetric/043.txt,1
T2MB_0469,Complexity,Asymmetric,short,Left hand touches right shoulder while right hand touches left hip.,short_text_dataset,3-asymmetric,short_text_dataset/3-asymmetric/044.txt,1
T2MB_0470,Complexity,Asymmetric,short,Right arm spins imaginary lasso while left arm holds reins.,short_text_dataset,3-asymmetric,short_text_dataset/3-asymmetric/045.txt,1
T2MB_0471,Complexity,Asymmetric,short,Left foot slides forward while right foot steps firmly.,short_text_dataset,3-asymmetric,short_text_dataset/3-asymmetric/046.txt,1
T2MB_0472,Complexity,Asymmetric,short,Right hand chops air while left hand forms a fist.,short_text_dataset,3-asymmetric,short_text_dataset/3-asymmetric/047.txt,1
T2MB_0473,Complexity,Asymmetric,short,Left arm supports body while right arm reaches for object.,short_text_dataset,3-asymmetric,short_text_dataset/3-asymmetric/048.txt,1
T2MB_0474,Complexity,Asymmetric,short,Right leg stretches out while left leg squats deep.,short_text_dataset,3-asymmetric,short_text_dataset/3-asymmetric/049.txt,1
T2MB_0475,Complexity,Asymmetric,short,Left hand counts fingers while right hand stays in pocket.,short_text_dataset,3-asymmetric,short_text_dataset/3-asymmetric/050.txt,1
T2MB_0476,Complexity,Balance,long,"First, the body shifts its weight entirely onto the left leg while the right leg is lifted and extended forward as if stepping onto an imaginary thin wire. The arms are raised and extended horizontally to the sides, moving slightly up and down to counteract any wobbling of the torso. Finally, the right foot is placed carefully in front of the left, and the arms lower back to the sides as the body stabilizes.",text_dataset,5-balance,text_dataset/5-balance/001.txt,1
T2MB_0477,Complexity,Balance,long,"The body leans forward while one leg reaches backward and upward, mimicking the motion of a skater gliding. The torso stays parallel to the ground, and both arms stretch out to the sides to act as a counterbalance to the raised leg. To finish the motion, the raised leg is lowered back to the ground while the torso transitions to an upright position.",text_dataset,5-balance,text_dataset/5-balance/002.txt,1
T2MB_0478,Complexity,Balance,long,"While standing, the torso begins to tilt dangerously backward, prompting the arms to swing forward rapidly to shift the center of gravity. The head remains tucked forward towards the chest while the legs bend at the knees to lower the body's height and increase stability. The body then pulls the torso back into a vertical alignment and the legs straighten to return to a firm stance.",text_dataset,5-balance,text_dataset/5-balance/003.txt,1
T2MB_0479,Complexity,Balance,long,"The character mimics carrying a heavy crate by holding their arms in front of the torso with elbows bent and hands held out. As the body walks forward, the torso leans slightly backward to compensate for the imaginary weight, while the legs take wide, deliberate steps to ensure a broad base of support. Once the imaginary object is set down, the arms relax and the torso returns to its natural upright alignment.",text_dataset,5-balance,text_dataset/5-balance/004.txt,1
T2MB_0480,Complexity,Balance,long,"First, the body leans forward as if walking across a narrow beam, then the arms extend outward to the sides, at this point, the left leg lifts and slowly steps in front of the right foot while the head remains fixed on a point ahead. Finally, the body shifts its weight to the front foot and the arms lower, maintaining a stable standing position.",text_dataset,5-balance,text_dataset/5-balance/005.txt,1
T2MB_0481,Complexity,Balance,long,"The right leg is raised high with the knee bent while the torso tilts slightly backward, then the arms reach upward as if the character is mimicking climbing a vertical ladder. At this point, the supporting leg remains straight while the head looks upward toward the imaginary rungs. Finally, the raised leg returns to the floor and the body regains a stable standing position.",text_dataset,5-balance,text_dataset/5-balance/006.txt,1
T2MB_0482,Complexity,Balance,long,"First, the body leans to the right side as if carrying a heavy invisible suitcase, then the left arm extends outward to provide a counterweight, at this point, the head tilts toward the left shoulder while the legs take small cautious steps. Finally, the imaginary object is set down and the torso return to an upright posture, maintaining a stable standing position.",text_dataset,5-balance,text_dataset/5-balance/007.txt,1
T2MB_0483,Complexity,Balance,long,"The body sinks into a deep crouch while the torso remains upright, then right leg extends straight out to the side while the arms reach forward for stability. At this point, the head stays level as the supporting left leg bears the full weight of the movement. Finally, the extended leg is pulled back inward and the body rises to a full height, maintaining a stable standing position.",text_dataset,5-balance,text_dataset/5-balance/008.txt,1
T2MB_0484,Complexity,Balance,long,"First, the body shifts its entire weight onto the left leg while the right leg lifts and extends forward as if stepping onto an imaginary thin wire. The arms extend out to the sides at shoulder height, oscillating slightly up and down to counter lateral wobbling, and the head remains fixed on a distant point. Finally, the right leg is brought back to meet the left leg, and the arms lower to the sides, maintaining a stable standing position.",text_dataset,5-balance,text_dataset/5-balance/009.txt,1
T2MB_0485,Complexity,Balance,long,"First, the torso tilts sharply forward as if the character is about to fall, then both arms quickly swing backward to shift the center of mass. At this point, the head lifts to look straight ahead while one leg takes a large, bracing step forward to halt the momentum. Finally, the rear leg is brought forward to align with the front leg, and the torso straightens to regain a stable standing posture.",text_dataset,5-balance,text_dataset/5-balance/010.txt,1
T2MB_0486,Complexity,Balance,long,"First, the body crouches low with the torso leaning toward the right as if gliding on ice, then the left leg extends far out to the side while the right leg remains deeply bent. At this point, the left arm reaches forward and the right arm stretches backward to maintain a streamlined balance during the imagined slide. Finally, the left leg is pulled inward under the torso, the legs straighten, and the body returns to a stable standing position.",text_dataset,5-balance,text_dataset/5-balance/011.txt,1
T2MB_0487,Complexity,Balance,long,"First, the torso bends slightly to the left as if carrying a heavy imaginary bucket in the right hand, then the left arm extends outward to the side to provide a counterweight. At this point, the head tilts slightly away from the imaginary weight while the legs take slow, deliberate steps forward with a wide stance. Finally, the imaginary object is set down, the torso centers itself, and the arms return to the sides in a stable standing position.",text_dataset,5-balance,text_dataset/5-balance/012.txt,1
T2MB_0488,Complexity,Balance,long,"First, the body mimics the action of climbing a steep ladder, then the right knee lifts high toward the chest, at this point, the left arm reaches upward as if grasping a rung while the torso leans into the imaginary structure. Finally, the leg lowers and both arms provide a downward pressing motion, maintaining a stable standing position.",text_dataset,5-balance,text_dataset/5-balance/013.txt,1
T2MB_0489,Complexity,Balance,long,"First, the body leans forward as if walking along a narrow high-wire, the arms extend horizontally to the sides while the torso shifts slightly with each step. The head stays focused straight ahead as one leg moves directly in front of the other, and the arms tilt up and down to counteract any wobbling until the body reaches a stable stance.",text_dataset,5-balance,text_dataset/5-balance/014.txt,1
T2MB_0490,Complexity,Balance,long,"The torso tilts sharply backward while mimicking the motion of sliding on ice, causing the arms to swing forward and the head to tuck toward the chest. One leg slides outward to the side to create a wider base of support, and the arms circle through the air to stabilize the center of gravity before the body pulls back into an upright position.",text_dataset,5-balance,text_dataset/5-balance/015.txt,1
T2MB_0491,Complexity,Balance,long,"The body stands on the left leg while the right leg is lifted and tucked against the inner thigh, mimicking a yoga balance pose. Both arms reach upward toward the ceiling while the torso stays elongated and the head remains level, then the arms slowly lower to the sides as the right leg returns to the floor to regain a two-footed stance.",text_dataset,5-balance,text_dataset/5-balance/016.txt,1
T2MB_0492,Complexity,Balance,long,"Starting from a standing position, the body bends forward at the waist while one leg extends backward into the air to mimic carrying a heavy invisible object. The arms reach toward the ground to simulate gripping the object, the torso stays parallel to the floor, and the head looks downward until the leg is lowered and the torso straightens back to vertical.",text_dataset,5-balance,text_dataset/5-balance/017.txt,1
T2MB_0493,Complexity,Balance,long,"The body suddenly stumbles forward as if tripping over an obstacle, causing the arms to thrust forward and the head to jerk upward. To prevent a fall, one leg lunges far forward to catch the body weight while the torso twists slightly to the side, and the arms move in small circles to stabilize the frame before returning to a neutral standing pose.",text_dataset,5-balance,text_dataset/5-balance/018.txt,1
T2MB_0494,Complexity,Balance,long,"First, the left leg lifts forward and stays parallel to the floor, while the torso leans slightly backward to compensate for the weight shift. At this point, the arms extend out to the sides with the palms facing downward to stabilize the upper body. Finally, the left leg lowers back to its original position and the torso returns to a vertical alignment, maintaining a stable standing position.",text_dataset,5-balance,text_dataset/5-balance/019.txt,1
T2MB_0495,Complexity,Balance,long,"The right leg lifts high as if stepping onto a tall imaginary box, then the upper body tilts slightly backward to compensate for the shifted center of mass. At this point, the arms reach forward to stabilize the torso while the left leg remains firmly planted and tense. Finally, the right foot is lowered back to the floor and the torso returns to a vertical alignment, maintaining a stable standing position.",text_dataset,5-balance,text_dataset/5-balance/020.txt,1
T2MB_0496,Complexity,Balance,short,A person walks slowly on a narrow imaginary tightrope.,short_text_dataset,5-balance,short_text_dataset/5-balance/001.txt,1
T2MB_0497,Complexity,Balance,short,Stands on one leg with arms out to stabilize.,short_text_dataset,5-balance,short_text_dataset/5-balance/002.txt,1
T2MB_0498,Complexity,Balance,short,Stumbles forward and swings arms to regain balance.,short_text_dataset,5-balance,short_text_dataset/5-balance/003.txt,1
T2MB_0499,Complexity,Balance,short,Leans far backward and jerks torso forward to recover.,short_text_dataset,5-balance,short_text_dataset/5-balance/004.txt,1
T2MB_0500,Complexity,Balance,short,Walks heel to toe along a straight line carefully.,short_text_dataset,5-balance,short_text_dataset/5-balance/005.txt,1
T2MB_0501,Complexity,Balance,short,A man skates forward on one leg gliding smoothly.,short_text_dataset,5-balance,short_text_dataset/5-balance/006.txt,1
T2MB_0502,Complexity,Balance,short,Carries a heavy box leaning back to compensate weight.,short_text_dataset,5-balance,short_text_dataset/5-balance/007.txt,1
T2MB_0503,Complexity,Balance,short,Crouches low on balls of feet with arms extended.,short_text_dataset,5-balance,short_text_dataset/5-balance/008.txt,1
T2MB_0504,Complexity,Balance,short,Hops on right foot landing and holding the pose.,short_text_dataset,5-balance,short_text_dataset/5-balance/009.txt,1
T2MB_0505,Complexity,Balance,short,A figure slips sideways and quickly corrects their footing.,short_text_dataset,5-balance,short_text_dataset/5-balance/010.txt,1
T2MB_0506,Complexity,Balance,short,Walks across a balance beam looking straight ahead.,short_text_dataset,5-balance,short_text_dataset/5-balance/011.txt,1
T2MB_0507,Complexity,Balance,short,Lifts left leg high and wobbles slightly before stabilizing.,short_text_dataset,5-balance,short_text_dataset/5-balance/012.txt,1
T2MB_0508,Complexity,Balance,short,Stands on tiptoes reaching high while maintaining balance.,short_text_dataset,5-balance,short_text_dataset/5-balance/013.txt,1
T2MB_0509,Complexity,Balance,short,Leans to the side lifting opposite leg as counterweight.,short_text_dataset,5-balance,short_text_dataset/5-balance/014.txt,1
T2MB_0510,Complexity,Balance,short,Walks with wide stance as if on a moving ship.,short_text_dataset,5-balance,short_text_dataset/5-balance/015.txt,1
T2MB_0511,Complexity,Balance,short,A person performs a single leg squat arms forward.,short_text_dataset,5-balance,short_text_dataset/5-balance/016.txt,1
T2MB_0512,Complexity,Balance,short,Spins around and tries to stand perfectly still.,short_text_dataset,5-balance,short_text_dataset/5-balance/017.txt,1
T2MB_0513,Complexity,Balance,short,Walks carrying a heavy suitcase in one hand leaning.,short_text_dataset,5-balance,short_text_dataset/5-balance/018.txt,1
T2MB_0514,Complexity,Balance,short,Jumps onto a small platform and sticks the landing.,short_text_dataset,5-balance,short_text_dataset/5-balance/019.txt,1
T2MB_0515,Complexity,Balance,short,Balances a book on their head while walking forward.,short_text_dataset,5-balance,short_text_dataset/5-balance/020.txt,1
T2MB_0516,Complexity,Balance,short,Standing on one foot while putting on a sock.,short_text_dataset,5-balance,short_text_dataset/5-balance/021.txt,1
T2MB_0517,Complexity,Balance,short,Walking on uneven ground adjusting feet to stay upright.,short_text_dataset,5-balance,short_text_dataset/5-balance/022.txt,1
T2MB_0518,Complexity,Balance,short,Leans over a railing then pulls body back upright.,short_text_dataset,5-balance,short_text_dataset/5-balance/023.txt,1
T2MB_0519,Complexity,Balance,short,A person does a handstand and tries to balance.,short_text_dataset,5-balance,short_text_dataset/5-balance/024.txt,1
T2MB_0520,Complexity,Balance,short,Steps carefully over stepping stones without falling off.,short_text_dataset,5-balance,short_text_dataset/5-balance/025.txt,1
T2MB_0521,Complexity,Balance,short,Standing on a swaying surface shifting weight side to side.,short_text_dataset,5-balance,short_text_dataset/5-balance/026.txt,1
T2MB_0522,Complexity,Balance,short,Runs and stops abruptly leaning back to brake.,short_text_dataset,5-balance,short_text_dataset/5-balance/027.txt,1
T2MB_0523,Complexity,Balance,short,Walking on stilts with high slow deliberate steps.,short_text_dataset,5-balance,short_text_dataset/5-balance/028.txt,1
T2MB_0524,Complexity,Balance,short,A man leans forward into a warrior three yoga pose.,short_text_dataset,5-balance,short_text_dataset/5-balance/029.txt,1
T2MB_0525,Complexity,Balance,short,Walking backwards on a thin line arms outstretched.,short_text_dataset,5-balance,short_text_dataset/5-balance/030.txt,1
T2MB_0526,Complexity,Balance,short,Sits on a stability ball trying to keep feet up.,short_text_dataset,5-balance,short_text_dataset/5-balance/031.txt,1
T2MB_0527,Complexity,Balance,short,Standing on right leg while rotating left ankle.,short_text_dataset,5-balance,short_text_dataset/5-balance/032.txt,1
T2MB_0528,Complexity,Balance,short,Being bumped from the side and stepping to recover.,short_text_dataset,5-balance,short_text_dataset/5-balance/033.txt,1
T2MB_0529,Complexity,Balance,short,Walking on slippery ice taking small careful steps.,short_text_dataset,5-balance,short_text_dataset/5-balance/034.txt,1
T2MB_0530,Complexity,Balance,short,A person balances on the edge of a curb.,short_text_dataset,5-balance,short_text_dataset/5-balance/035.txt,1
T2MB_0531,Complexity,Balance,short,Lunges forward and holds the position without wobbling.,short_text_dataset,5-balance,short_text_dataset/5-balance/036.txt,1
T2MB_0532,Complexity,Balance,short,Standing on hands and knees extending opposite arm leg.,short_text_dataset,5-balance,short_text_dataset/5-balance/037.txt,1
T2MB_0533,Complexity,Balance,short,Crossing a log over water arms out for safety.,short_text_dataset,5-balance,short_text_dataset/5-balance/038.txt,1
T2MB_0534,Complexity,Balance,short,Standing on one leg closing eyes and swaying.,short_text_dataset,5-balance,short_text_dataset/5-balance/039.txt,1
T2MB_0535,Complexity,Balance,short,Trying to stand up from a deep squat slowly.,short_text_dataset,5-balance,short_text_dataset/5-balance/040.txt,1
T2MB_0536,Complexity,Balance,short,Walking with a limp compensating with the other side.,short_text_dataset,5-balance,short_text_dataset/5-balance/041.txt,1
T2MB_0537,Complexity,Balance,short,Holding a pose while standing on a wobble board.,short_text_dataset,5-balance,short_text_dataset/5-balance/042.txt,1
T2MB_0538,Complexity,Balance,short,A person leans left then right shifting center gravity.,short_text_dataset,5-balance,short_text_dataset/5-balance/043.txt,1
T2MB_0539,Complexity,Balance,short,Walking a slackline shaking arms to stay on.,short_text_dataset,5-balance,short_text_dataset/5-balance/044.txt,1
T2MB_0540,Complexity,Balance,short,Standing on heels lifting toes off the ground.,short_text_dataset,5-balance,short_text_dataset/5-balance/045.txt,1
T2MB_0541,Complexity,Balance,short,A figure trips over a rug and catches themself.,short_text_dataset,5-balance,short_text_dataset/5-balance/046.txt,1
T2MB_0542,Complexity,Balance,short,Bending forward to touch toes without falling over.,short_text_dataset,5-balance,short_text_dataset/5-balance/047.txt,1
T2MB_0543,Complexity,Balance,short,Walking sideways on a narrow ledge facing the wall.,short_text_dataset,5-balance,short_text_dataset/5-balance/048.txt,1
T2MB_0544,Complexity,Balance,short,Standing on one leg swinging the other leg freely.,short_text_dataset,5-balance,short_text_dataset/5-balance/049.txt,1
T2MB_0545,Complexity,Balance,short,A person recovers from a near fall steadying themselves.,short_text_dataset,5-balance,short_text_dataset/5-balance/050.txt,1
T2MB_0546,Interaction,Intent,long,"Confidence: The torso is held upright with the chest pushed forward, the arms are placed firmly on the hips with elbows pointing outward, the legs are positioned wide apart in a stable stance, the head is held high with the chin tilted upward, and the body expresses a sense of pride and self-assurance.",text_dataset,4-intent,text_dataset/4-intent/001.txt,1
T2MB_0547,Interaction,Intent,long,"Despair: The upper body hunches forward as the torso collapses, the arms hang limply at the sides, the legs are slightly bent with knees knocking together, the head droops down toward the chest, and the body expresses a total loss of hope and energy.",text_dataset,4-intent,text_dataset/4-intent/002.txt,1
T2MB_0548,Interaction,Intent,long,"Anger: The torso leans aggressively forward, the arms are pulled back with elbows bent as if ready to strike, the legs are planted firmly with one foot forward, the head thrusts forward while the neck tenses, and the body expresses a state of intense hostility.",text_dataset,4-intent,text_dataset/4-intent/003.txt,1
T2MB_0549,Interaction,Intent,long,"Excitement: The torso bounces slightly upward, the arms are raised high above the shoulders and wave rapidly, the legs shift weight quickly between feet and perform small jumps, the head tilts back and nods rapidly, and the body expresses a burst of joyful energy.",text_dataset,4-intent,text_dataset/4-intent/004.txt,1
T2MB_0550,Interaction,Intent,long,"Fear: The upper body shrinks backward while the torso curls inward, the arms are crossed tightly over the chest to protect the core, the legs tremble and step backward incrementally, the head pulls back into the shoulders, and the body expresses a state of defensive panic.",text_dataset,4-intent,text_dataset/4-intent/005.txt,1
T2MB_0551,Interaction,Intent,long,"Confidence: The torso stands tall and rigid, the arms swing broadly and rhythmically at the sides, the legs take long and firm strides, the head remains held high and steady, and the body expresses a sense of pride.",text_dataset,4-intent,text_dataset/4-intent/006.txt,1
T2MB_0552,Interaction,Intent,long,"Frustration: The torso hunches forward, the arms swing forcefully downward and then hang limp, the legs stomp firmly against the ground while walking, the head hangs low toward the chest, and the body expresses a heavy sense of defeat.",text_dataset,4-intent,text_dataset/4-intent/007.txt,1
T2MB_0553,Interaction,Intent,long,"Excitement: The torso leans forward with energy, the arms raise high and move rapidly, the legs lift quickly and bounce off the ground, the head tilts back and shakes slightly, and the body expresses an intense burst of joy.",text_dataset,4-intent,text_dataset/4-intent/008.txt,1
T2MB_0554,Interaction,Intent,long,"Suspicion: The upper body twists slightly away, the arms cross tightly over the chest, the legs stand firmly with the weight shifted to one side, the head tilts to the side and remains still, and the body expresses a guarded distrust.",text_dataset,4-intent,text_dataset/4-intent/009.txt,1
T2MB_0555,Interaction,Intent,long,"Exhaustion: The torso slumps and sways, the arms dangle heavily and drag behind the motion of the body, the legs move slowly with the knees bending deeply, the head droops forward, and the body expresses a complete lack of energy.",text_dataset,4-intent,text_dataset/4-intent/010.txt,1
T2MB_0556,Interaction,Intent,long,"Confidence: The torso is held upright with the chest pushed slightly forward, the arms are placed firmly on the hips, the legs are positioned wide apart in a stable stance, the head is held high and tilted slightly back, expressing a sense of pride and self-assurance.",text_dataset,4-intent,text_dataset/4-intent/011.txt,1
T2MB_0557,Interaction,Intent,long,"Despair: The torso hunches forward and caves inward, the arms hang limp and heavy at the sides, the legs are slightly bent at the knees as if losing strength, the head drops forward toward the chest, conveying a complete loss of hope.",text_dataset,4-intent,text_dataset/4-intent/012.txt,1
T2MB_0558,Interaction,Intent,long,"Excitement: The upper body leans forward and pulses with energy, the arms swing vigorously upward and downward, the legs bounce lightly on the balls of the feet, the head nods rapidly, expressing an overflow of joy and anticipation.",text_dataset,4-intent,text_dataset/4-intent/013.txt,1
T2MB_0559,Interaction,Intent,long,"Defiance: The torso leans backward while the chest remains broad, the arms are crossed tightly over the chest, the legs are locked in a rigid and wide stance, the head tilts back with the chin pointing forward, conveying a stubborn resistance.",text_dataset,4-intent,text_dataset/4-intent/014.txt,1
T2MB_0560,Interaction,Intent,long,"Anxiety: The torso shifts restlessly from side to side, the arms move toward the center of the body with the hands clasping together, the legs shift weight back and forth in a repetitive manner, the head tilts downward and turns frequently to the left and right, expressing a state of nervous tension.",text_dataset,4-intent,text_dataset/4-intent/015.txt,1
T2MB_0561,Interaction,Intent,long,"Confidence: The torso is held upright and the chest is pushed slightly forward, the arms swing naturally and broadly at the sides, the legs move in long and firm strides, the head is held high and perfectly still, conveying a sense of pride and self-assurance.",text_dataset,4-intent,text_dataset/4-intent/016.txt,1
T2MB_0562,Interaction,Intent,long,"Despair: The torso hunches forward and caves inward, the arms hang heavily and motionlessly by the sides, the legs move slowly with the feet dragging along the ground, the head hangs low with the chin resting toward the chest, expressing a total loss of hope.",text_dataset,4-intent,text_dataset/4-intent/017.txt,1
T2MB_0563,Interaction,Intent,long,"Agitation: The torso twists restlessy from side to side, the arms move in sharp and jagged motions near the chest, the legs shift weight rapidly back and forth without moving from the spot, the head jerks quickly toward the left and right, expressing extreme nervous energy.",text_dataset,4-intent,text_dataset/4-intent/018.txt,1
T2MB_0564,Interaction,Intent,long,"Triumph: The torso leans back slightly with the chest expanded, the arms are raised high above the shoulders and stretched wide, the legs are planted firmly apart in a wide stance, the head tilts upward toward the sky, conveying a sense of overwhelming victory.",text_dataset,4-intent,text_dataset/4-intent/019.txt,1
T2MB_0565,Interaction,Intent,long,"Relief: The torso suddenly loses its tension and sags slightly downward, the arms drop deeply from the shoulders and hang loosely, the legs soften at the knees as the weight shifts back, the head slowly tilts backward, expressing the physical release of emotional pressure.",text_dataset,4-intent,text_dataset/4-intent/020.txt,1
T2MB_0566,Interaction,Intent,long,"Sadness: The upper body slouches forward with the torso slightly curved, the arms hang heavily and motionless by the sides, the legs move with slow and dragging steps, the head hangs low toward the chest, expressing deep sorrow and a lack of energy.",text_dataset,4-intent,text_dataset/4-intent/021.txt,1
T2MB_0567,Interaction,Intent,long,"Ecstatic Joy: The torso leans back slightly while the chest expands, the arms reach high toward the sky and wave quickly, the legs bounce and leap off the ground, the head tilts back while moving side to side, expressing exuberant celebration and high energy.",text_dataset,4-intent,text_dataset/4-intent/022.txt,1
T2MB_0568,Interaction,Intent,long,"Defensive Anger: The torso remains rigid and leans forward, the arms are held tightly folded across the chest, the legs are planted firmly apart in a wide stance, the head thrusts forward while remaining steady, expressing a confrontational and hostile state.",text_dataset,4-intent,text_dataset/4-intent/023.txt,1
T2MB_0569,Interaction,Intent,long,"Panic: The torso twists rapidly from side to side, the arms flail away from the body in jerky movements, the legs shuffle quickly in small retreats and advances, the head snaps rapidly toward different directions, expressing frantic desperation and a loss of control.",text_dataset,4-intent,text_dataset/4-intent/024.txt,1
T2MB_0570,Interaction,Intent,long,"Pride: The torso remains perfectly upright with the chest pushed forward, the arms are placed firmly with hands resting on the hips, the legs stand straight and still with feet spread, the head is held high and tilted slightly back, expressing confidence and self-assurance.",text_dataset,4-intent,text_dataset/4-intent/025.txt,1
T2MB_0571,Interaction,Intent,long,"Overwhelming Joy: The torso bounces upward repeatedly, the arms reach high above the head and wave energetically, the legs jump and kick outward, the head tilts back towards the sky, and the body expresses a burst of ecstatic energy.",text_dataset,4-intent,text_dataset/4-intent/026.txt,1
T2MB_0572,Interaction,Intent,long,"Deep Sadness: The torso hunches forward and sags, the arms hang limp and heavy at the sides, the legs move with slow and dragging steps, the head droops toward the chest, and the body expresses a sense of being weighed down by grief.",text_dataset,4-intent,text_dataset/4-intent/027.txt,1
T2MB_0573,Interaction,Intent,long,"Intense Anger: The torso remains rigid and leans aggressively forward, the arms pull back with hands squeezed into tight shapes, the legs stomp firmly against the ground, the head thrusts forward with sudden jerks, and the body expresses a tense and confrontational force.",text_dataset,4-intent,text_dataset/4-intent/028.txt,1
T2MB_0574,Interaction,Intent,long,"Panic: The torso twists rapidly from side to side, the arms flail outward and pull back toward the chest in quick succession, the legs shift weight back and forth in a frantic motion, the head snaps quickly to the left and right, and the body expresses a state of frantic alarm.",text_dataset,4-intent,text_dataset/4-intent/029.txt,1
T2MB_0575,Interaction,Intent,long,"Pride: The torso stands upright with the chest pushed forward, the arms rest firmly on the hips with elbows pointing outward, the legs stand wide and stable, the head lifts high and remains steady, and the body expresses a confident and commanding presence.",text_dataset,4-intent,text_dataset/4-intent/030.txt,1
T2MB_0576,Interaction,Intent,long,"Confidence: The torso is held upright and pushed slightly forward, the arms swing broadly and rhythmically at the sides, the legs take firm and wide strides forward, the head is held high and remains steady, conveying a sense of self-assurance and strength.",text_dataset,4-intent,text_dataset/4-intent/031.txt,1
T2MB_0577,Interaction,Intent,long,"Dejection: The upper body hunches forward and slumps downward, the arms hang limp and heavy by the sides, the legs move slowly with dragging steps, the head tilts toward the floor, expressing a sense of profound sadness and exhaustion.",text_dataset,4-intent,text_dataset/4-intent/032.txt,1
T2MB_0578,Interaction,Intent,long,"Excitement: The whole body bounces subtly in place, the arms lift frequently and gesture rapidly in the air, the legs shift weight quickly from side to side, the head shakes slightly with quick movements, conveying high energy and joy.",text_dataset,4-intent,text_dataset/4-intent/033.txt,1
T2MB_0579,Interaction,Intent,long,"Panic: The torso twists and tilts sharply in various directions, the arms move erratically upward and outward as if shielding the body, the legs retreat backward with staggered and uneven steps, the head jerks rapidly from side to side, expressing intense fear and urgency.",text_dataset,4-intent,text_dataset/4-intent/034.txt,1
T2MB_0580,Interaction,Intent,long,"Defiance: The torso leans backward while the chest is pushed outward, the arms are held rigidly straight down or pressed firmly against the hips, the legs are planted wide apart in a sturdy stance, the head tilts upward and remains fixed, conveying a sense of stubbornness and challenge.",text_dataset,4-intent,text_dataset/4-intent/035.txt,1
T2MB_0581,Interaction,Intent,long,"Confidence: The torso is held upright and pushed slightly forward, the arms are placed firmly on the hips with elbows pointing to the sides, the legs stand wide apart to create a stable base, the head is held high and tilted slightly back, expressing a sense of pride and self-assurance.",text_dataset,4-intent,text_dataset/4-intent/036.txt,1
T2MB_0582,Interaction,Intent,long,"Despair: The torso slumps forward heavily with the shoulders caving inward, the arms hang limply by the sides of the legs, the legs stand close together with knees slightly bent and trembling, the head hangs low with the chin resting toward the chest, expressing a total loss of hope.",text_dataset,4-intent,text_dataset/4-intent/037.txt,1
T2MB_0583,Interaction,Intent,long,"Excitement: The upper body leans forward and bounces slightly, the arms swing vigorously upward and away from the body, the legs shift weight rapidly from one foot to the other in a rhythmic motion, the head tilts upward and moves side to side, expressing an overflowing sense of joy.",text_dataset,4-intent,text_dataset/4-intent/038.txt,1
T2MB_0584,Interaction,Intent,long,"Defiance: The torso remains rigid and leans backward away from a perceived center, the arms are crossed tightly over the chest, the legs are planted firmly and far apart, the head tilts back while the chin lunges forward, expressing a stubborn and resistant stance.",text_dataset,4-intent,text_dataset/4-intent/039.txt,1
T2MB_0585,Interaction,Intent,long,"Fear: The torso shrinks backward and curls inward, the arms are pulled tight against the chest as if protecting the heart, the legs shuffle backward with short and jerky movements, the head pulls back into the shoulders and turns quickly from side to side, expressing a state of extreme vulnerability.",text_dataset,4-intent,text_dataset/4-intent/040.txt,1
T2MB_0586,Interaction,Intent,long,"Joyful: The body bounces lightly, the arms reach upward toward the sky, the legs spring off the ground in rhythmic jumps, the head tilts back with the torso, and the body expresses an overflowing sense of delight.",text_dataset,4-intent,text_dataset/4-intent/041.txt,1
T2MB_0587,Interaction,Intent,long,"Anger: The torso leans aggressively forward, the arms swing forcefully downward into clenched positions by the sides, the legs stomp firmly against the ground, the head thrusts forward, and the body expresses a tense and explosive confrontation.",text_dataset,4-intent,text_dataset/4-intent/042.txt,1
T2MB_0588,Interaction,Intent,long,"Sadness: The shoulders slump forward making the torso curve downward, the arms hang limp and heavy at the sides, the legs move slowly with dragging steps, the head hangs low toward the chest, and the body expresses a profound sense of exhaustion and loss.",text_dataset,4-intent,text_dataset/4-intent/043.txt,1
T2MB_0589,Interaction,Intent,long,"Fear: The torso recoils backward, the arms pull in tight against the chest, the legs tremble and take quick fluttering steps away from the front, the head ducks down between the shoulders, and the body expresses a desperate need for protection.",text_dataset,4-intent,text_dataset/4-intent/044.txt,1
T2MB_0590,Interaction,Intent,long,"Pride: The torso remains exceptionally upright and expanded, the arms rest confidently with the hands placed against the hips, the legs stand wide and firm, the head lifts high to look straight forward, and the body expresses a bold sense of self-assurance.",text_dataset,4-intent,text_dataset/4-intent/045.txt,1
T2MB_0591,Interaction,Intent,long,"Extreme Joy: The body jumps vertically with the torso extending upward, the arms thrust high above the head in a wide V-shape, the legs kick outward and then tuck back in mid-air, the head tilts back toward the ceiling, expressing a sense of pure triumph.",text_dataset,4-intent,text_dataset/4-intent/046.txt,1
T2MB_0592,Interaction,Intent,long,"Deep Sadness: The body hunches forward with the torso collapsing inward, the arms hang limp and heavy at the sides, the legs move with slow and dragging steps while the knees remain bent, the head drops low toward the chest, expressing a profound sense of despair.",text_dataset,4-intent,text_dataset/4-intent/047.txt,1
T2MB_0593,Interaction,Intent,long,"Aggressive Anger: The body leans forcefully forward with the torso tensed, the arms rhythmically swing in large arcs while the fists remain clenched near the waist, the legs stomp firmly against the ground with each stride, the head thrusts forward, expressing a confrontational and volatile state.",text_dataset,4-intent,text_dataset/4-intent/048.txt,1
T2MB_0594,Interaction,Intent,long,"Intense Fear: The body shrinks backward with the torso twisting away, the arms pull in tight against the chest to cover the vitals, the legs tremble while taking short and rapid retreats, the head jerks quickly from side to side, expressing an urgent need for self-protection.",text_dataset,4-intent,text_dataset/4-intent/049.txt,1
T2MB_0595,Interaction,Intent,long,"Pride: The body expands with the torso held perfectly upright and the chest pushed out, the arms rest confidently with the hands placed on the hips and elbows pointed outward, the legs stand wide in a stable and firm stance, the head lifts high to look straight across the horizon, expressing an air of absolute self-assurance.",text_dataset,4-intent,text_dataset/4-intent/050.txt,1
T2MB_0596,Interaction,Intent,short,A person stands tall with chest out showing confidence.,short_text_dataset,4-intent,short_text_dataset/4-intent/001.txt,1
T2MB_0597,Interaction,Intent,short,A man hunches over and drags his feet in despair.,short_text_dataset,4-intent,short_text_dataset/4-intent/002.txt,1
T2MB_0598,Interaction,Intent,short,A figure stomps forward with clenched fists in anger.,short_text_dataset,4-intent,short_text_dataset/4-intent/003.txt,1
T2MB_0599,Interaction,Intent,short,A person jumps up and down waving arms in excitement.,short_text_dataset,4-intent,short_text_dataset/4-intent/004.txt,1
T2MB_0600,Interaction,Intent,short,Someone backs away slowly while trembling in fear.,short_text_dataset,4-intent,short_text_dataset/4-intent/005.txt,1
T2MB_0601,Interaction,Intent,short,A man crosses arms and taps foot in frustration.,short_text_dataset,4-intent,short_text_dataset/4-intent/006.txt,1
T2MB_0602,Interaction,Intent,short,A person looks around furtively with deep suspicion.,short_text_dataset,4-intent,short_text_dataset/4-intent/007.txt,1
T2MB_0603,Interaction,Intent,short,A figure walks slowly with drooping shoulders in exhaustion.,short_text_dataset,4-intent,short_text_dataset/4-intent/008.txt,1
T2MB_0604,Interaction,Intent,short,A person struts forward with an arrogant attitude.,short_text_dataset,4-intent,short_text_dataset/4-intent/009.txt,1
T2MB_0605,Interaction,Intent,short,A man sits down and puts his head in his hands sadly.,short_text_dataset,4-intent,short_text_dataset/4-intent/010.txt,1
T2MB_0606,Interaction,Intent,short,A person leans forward aggressively ready to argue.,short_text_dataset,4-intent,short_text_dataset/4-intent/011.txt,1
T2MB_0607,Interaction,Intent,short,A figure bounces lightly on toes with happy energy.,short_text_dataset,4-intent,short_text_dataset/4-intent/012.txt,1
T2MB_0608,Interaction,Intent,short,Someone cowers and covers their head defensively.,short_text_dataset,4-intent,short_text_dataset/4-intent/013.txt,1
T2MB_0609,Interaction,Intent,short,A person throws hands up in the air in defeat.,short_text_dataset,4-intent,short_text_dataset/4-intent/014.txt,1
T2MB_0610,Interaction,Intent,short,A man looks over his shoulder constantly with paranoia.,short_text_dataset,4-intent,short_text_dataset/4-intent/015.txt,1
T2MB_0611,Interaction,Intent,short,A figure slumps in a chair with total lack of energy.,short_text_dataset,4-intent,short_text_dataset/4-intent/016.txt,1
T2MB_0612,Interaction,Intent,short,A person stands rigidly with fists clenched in rage.,short_text_dataset,4-intent,short_text_dataset/4-intent/017.txt,1
T2MB_0613,Interaction,Intent,short,Someone waves hands wildly to show urgent distress.,short_text_dataset,4-intent,short_text_dataset/4-intent/018.txt,1
T2MB_0614,Interaction,Intent,short,A person paces back and forth with nervous anxiety.,short_text_dataset,4-intent,short_text_dataset/4-intent/019.txt,1
T2MB_0615,Interaction,Intent,short,A man leans back with hands behind head relaxing.,short_text_dataset,4-intent,short_text_dataset/4-intent/020.txt,1
T2MB_0616,Interaction,Intent,short,A figure points a finger and steps forward accusingly.,short_text_dataset,4-intent,short_text_dataset/4-intent/021.txt,1
T2MB_0617,Interaction,Intent,short,A person covers their mouth with both hands in surprise.,short_text_dataset,4-intent,short_text_dataset/4-intent/022.txt,1
T2MB_0618,Interaction,Intent,short,Someone sneaks forward quietly with exaggerated caution.,short_text_dataset,4-intent,short_text_dataset/4-intent/023.txt,1
T2MB_0619,Interaction,Intent,short,A person stumbles backward looking terrified.,short_text_dataset,4-intent,short_text_dataset/4-intent/024.txt,1
T2MB_0620,Interaction,Intent,short,A man pumps a fist in the air celebrating victory.,short_text_dataset,4-intent,short_text_dataset/4-intent/025.txt,1
T2MB_0621,Interaction,Intent,short,A figure walks with a swagger displaying pride.,short_text_dataset,4-intent,short_text_dataset/4-intent/026.txt,1
T2MB_0622,Interaction,Intent,short,A person rubs eyes and yawns with tiredness.,short_text_dataset,4-intent,short_text_dataset/4-intent/027.txt,1
T2MB_0623,Interaction,Intent,short,Someone scratches head and looks around confused.,short_text_dataset,4-intent,short_text_dataset/4-intent/028.txt,1
T2MB_0624,Interaction,Intent,short,A person shakes head and waves finger in refusal.,short_text_dataset,4-intent,short_text_dataset/4-intent/029.txt,1
T2MB_0625,Interaction,Intent,short,A man hugs himself tightly feeling cold or lonely.,short_text_dataset,4-intent,short_text_dataset/4-intent/030.txt,1
T2MB_0626,Interaction,Intent,short,A figure jumps back suddenly in shock.,short_text_dataset,4-intent,short_text_dataset/4-intent/031.txt,1
T2MB_0627,Interaction,Intent,short,A person kneels and clasps hands begging.,short_text_dataset,4-intent,short_text_dataset/4-intent/032.txt,1
T2MB_0628,Interaction,Intent,short,Someone stomps the ground and crosses arms stubbornly.,short_text_dataset,4-intent,short_text_dataset/4-intent/033.txt,1
T2MB_0629,Interaction,Intent,short,A person walks briskly with purposeful determination.,short_text_dataset,4-intent,short_text_dataset/4-intent/034.txt,1
T2MB_0630,Interaction,Intent,short,A man looks at wrist and sighs impatiently.,short_text_dataset,4-intent,short_text_dataset/4-intent/035.txt,1
T2MB_0631,Interaction,Intent,short,A figure dances around with joyful abandonment.,short_text_dataset,4-intent,short_text_dataset/4-intent/036.txt,1
T2MB_0632,Interaction,Intent,short,A person hides face and turns away in shame.,short_text_dataset,4-intent,short_text_dataset/4-intent/037.txt,1
T2MB_0633,Interaction,Intent,short,Someone reaches out with open arms welcomingly.,short_text_dataset,4-intent,short_text_dataset/4-intent/038.txt,1
T2MB_0634,Interaction,Intent,short,A person stiffens up and looks around alertly.,short_text_dataset,4-intent,short_text_dataset/4-intent/039.txt,1
T2MB_0635,Interaction,Intent,short,A man staggers and holds his head in pain.,short_text_dataset,4-intent,short_text_dataset/4-intent/040.txt,1
T2MB_0636,Interaction,Intent,short,A figure sits on the edge of a chair looking tense.,short_text_dataset,4-intent,short_text_dataset/4-intent/041.txt,1
T2MB_0637,Interaction,Intent,short,A person glides gracefully with calm composure.,short_text_dataset,4-intent,short_text_dataset/4-intent/042.txt,1
T2MB_0638,Interaction,Intent,short,Someone shrugs shoulders with an indifferent attitude.,short_text_dataset,4-intent,short_text_dataset/4-intent/043.txt,1
T2MB_0639,Interaction,Intent,short,A person pushes forward with imaginary heavy effort.,short_text_dataset,4-intent,short_text_dataset/4-intent/044.txt,1
T2MB_0640,Interaction,Intent,short,A man tiptoes carefully to avoid making noise.,short_text_dataset,4-intent,short_text_dataset/4-intent/045.txt,1
T2MB_0641,Interaction,Intent,short,A figure shakes violently with overwhelming fear.,short_text_dataset,4-intent,short_text_dataset/4-intent/046.txt,1
T2MB_0642,Interaction,Intent,short,A person claps hands and laughs with delight.,short_text_dataset,4-intent,short_text_dataset/4-intent/047.txt,1
T2MB_0643,Interaction,Intent,short,Someone turns back and waves goodbye sadly.,short_text_dataset,4-intent,short_text_dataset/4-intent/048.txt,1
T2MB_0644,Interaction,Intent,short,A person stands with legs apart in a hero pose.,short_text_dataset,4-intent,short_text_dataset/4-intent/049.txt,1
T2MB_0645,Interaction,Intent,short,A man wipes forehead and breathes out in relief.,short_text_dataset,4-intent,short_text_dataset/4-intent/050.txt,1
T2MB_0646,Interaction,Invisible-object interaction,long,"The person extends both arms forward and slightly upward to reach for an invisible rope, then leans the torso backward and pulls the arms toward the chest in a rhythmic sequence as if tugging a heavy weight.",text_dataset,6-invisible,text_dataset/6-invisible/001.txt,1
T2MB_0647,Interaction,Invisible-object interaction,long,"The person bends the knees and lowers the body, placing both hands palms-up near the floor to cradle an invisible heavy board, then slowly stands up while keeping the arms stiff and the torso upright to maintain the object's balance.",text_dataset,6-invisible,text_dataset/6-invisible/002.txt,1
T2MB_0648,Interaction,Invisible-object interaction,long,"One arm is raised high above the head with the hand closed around an invisible umbrella handle, while the torso and legs sway slightly to the left and right as if resisting the force of a strong wind.",text_dataset,6-invisible,text_dataset/6-invisible/003.txt,1
T2MB_0649,Interaction,Invisible-object interaction,long,"The person stands with legs spread wide for stability and pushes both palms forward against an invisible wall, with the elbows locked and the torso leaning heavily into the movement to demonstrate significant resistance.",text_dataset,6-invisible,text_dataset/6-invisible/004.txt,1
T2MB_0650,Interaction,Invisible-object interaction,long,"The person stands with legs spread wide for stability, holding both arms at waist height as if carrying a large invisible tray, keeping the head steady and the torso upright while walking carefully with slow strides.",text_dataset,6-invisible,text_dataset/6-invisible/005.txt,1
T2MB_0651,Interaction,Invisible-object interaction,long,"Both arms are wrapped tightly around a large invisible pillar in front of the chest, with the body leaning backward and the legs digging into the ground as if trying to pull the object toward the torso with great effort.",text_dataset,6-invisible,text_dataset/6-invisible/006.txt,1
T2MB_0652,Interaction,Invisible-object interaction,long,"The person extends both arms forward and slightly upward to grasp an invisible ladder, pulling the torso upward while alternating legs to mimic climbing vertical steps.",text_dataset,6-invisible,text_dataset/6-invisible/007.txt,1
T2MB_0653,Interaction,Invisible-object interaction,long,"Both arms are positioned in front of the chest with elbows bent as if gripping an invisible steering wheel, rotating the arms to the left and right while the torso leans into the turns.",text_dataset,6-invisible,text_dataset/6-invisible/008.txt,1
T2MB_0654,Interaction,Invisible-object interaction,long,"The person stands with legs wide and knees bent, gripping an invisible rope with both hands stacked and pulling it toward the hip in a rhythmic motion while the torso leans backward.",text_dataset,6-invisible,text_dataset/6-invisible/009.txt,1
T2MB_0655,Interaction,Invisible-object interaction,long,"The person bends at the waist and reaches down with both hands to grasp the handles of an invisible heavy crate, straightens the legs to lift it, and walks slowly with the torso tilted back.",text_dataset,6-invisible,text_dataset/6-invisible/010.txt,1
T2MB_0656,Interaction,Invisible-object interaction,long,"One arm reaches upward and the hand grips an invisible rope, then the person pulls the arm downward while the other arm reaches up to repeat the motion, with the head tilted back and the torso tensing to mimic a climb.",text_dataset,6-invisible,text_dataset/6-invisible/011.txt,1
T2MB_0657,Interaction,Invisible-object interaction,long,"Both arms are positioned to the side of the body with hands cupped as if holding an invisible heavy bag, the torso leans toward the opposite side to balance the weight, and the legs take slow, heavy steps forward.",text_dataset,6-invisible,text_dataset/6-invisible/012.txt,1
T2MB_0658,Interaction,Invisible-object interaction,long,"The person reaches both arms toward the ground to lift an invisible long board, slowly straightening the legs and torso while keeping the arms steady to maintain the horizontal level of the imagined object.",text_dataset,6-invisible,text_dataset/6-invisible/013.txt,1
T2MB_0659,Interaction,Invisible-object interaction,long,"Both hands are raised above the head to grasp an invisible rope, followed by the arms pulling downward while the knees bend and the torso lowers to mimic the effort of climbing upward.",text_dataset,6-invisible,text_dataset/6-invisible/014.txt,1
T2MB_0660,Interaction,Invisible-object interaction,long,"The individual stands with legs spread wide and arms curved as if holding a massive invisible ball against the chest, moving the torso slowly from side to side while maintaining the arm shape.",text_dataset,6-invisible,text_dataset/6-invisible/015.txt,1
T2MB_0661,Interaction,Invisible-object interaction,long,"The person reaches one arm upward and the other downward as if grasping the rungs of an invisible ladder, lifting each leg high in sequence and shifting the weight of the torso upward with each step.",text_dataset,6-invisible,text_dataset/6-invisible/016.txt,1
T2MB_0662,Interaction,Invisible-object interaction,long,"Both arms are extended forward and slightly downward with the hands shaped as if gripping a heavy invisible handle, while the person pulls backward, leaning the torso toward the rear and straightening the legs.",text_dataset,6-invisible,text_dataset/6-invisible/017.txt,1
T2MB_0663,Interaction,Invisible-object interaction,long,"The person extends both arms forward and slightly upward to grasp an invisible ladder, then alternates pulling each arm downward while raising the corresponding leg to mimic the action of climbing upward.",text_dataset,6-invisible,text_dataset/6-invisible/018.txt,1
T2MB_0664,Interaction,Invisible-object interaction,long,"Both hands are clenched in front of the chest as if gripping an invisible thick rope, with the torso leaning backward and the legs planted firmly apart while the arms pull back in forceful, rhythmic tugs.",text_dataset,6-invisible,text_dataset/6-invisible/019.txt,1
T2MB_0665,Interaction,Invisible-object interaction,long,"The person bends at the waist and reaches toward the ground with both hands to grasp the handles of an invisible heavy bag, then straightens the torso and legs while the shoulders shrug upward to support the weight as they take slow, heavy steps.",text_dataset,6-invisible,text_dataset/6-invisible/020.txt,1
T2MB_0666,Interaction,Invisible-object interaction,long,"Both arms are raised above the head with elbows bent as if gripping a heavy invisible bar, while the legs bend and the torso remains upright to simulate performing a squat with a weighted object.",text_dataset,6-invisible,text_dataset/6-invisible/021.txt,1
T2MB_0667,Interaction,Invisible-object interaction,long,"The individual stretches one arm forward to grasp an invisible handle and pulls it backward toward the body while the torso rotates to the side, mimicking the opening of a heavy invisible sliding door.",text_dataset,6-invisible,text_dataset/6-invisible/022.txt,1
T2MB_0668,Interaction,Invisible-object interaction,long,"The arms are held out to the sides with elbows slightly bent as if carrying two invisible heavy grocery bags, causing the shoulders to shrug slightly and the torso to sway gently with each step taken.",text_dataset,6-invisible,text_dataset/6-invisible/023.txt,1
T2MB_0669,Interaction,Invisible-object interaction,long,"The person stands with legs wide apart and bends the knees deeply, keeping the torso straight while both arms reach down and then pull upward as if lifting an invisible heavy crate from the ground to waist height.",text_dataset,6-invisible,text_dataset/6-invisible/024.txt,1
T2MB_0670,Interaction,Invisible-object interaction,long,"First, the body stands with feet shoulder-width apart, then the torso lowers into a squat while both hands reach down to grasp an invisible heavy barbell. At this point, the legs push upward to a standing position while the arms keep the invisible weight close to the body, and the head remains facing forward throughout the lift. Finally, the body returns to a neutral standing stance while the arms hang naturally by the sides.",text_dataset,6-invisible,text_dataset/6-invisible/025.txt,1
T2MB_0671,Interaction,Invisible-object interaction,long,"The body stands upright with one arm extended forward as if holding an invisible leash, then the torso leans slightly back to counter a sudden forward pull. At this point, the legs take alternating quick strides forward while the lead arm moves back and forth to maintain control of the invisible pet. Finally, the body slows to a stop and the arm relaxes while the torso straightens to a stable position.",text_dataset,6-invisible,text_dataset/6-invisible/026.txt,1
T2MB_0672,Interaction,Invisible-object interaction,long,"First, the body stands with legs slightly bent, then one arm reaches out and upward as if pulling an invisible resistance band from a high attachment point. At this point, the arm pulls downward and across the chest while the torso rotates slightly toward the side of the movement and the other arm stays braced at the waist. Finally, the arm slowly raises back to the starting height and the torso returns to center.",text_dataset,6-invisible,text_dataset/6-invisible/027.txt,1
T2MB_0673,Interaction,Invisible-object interaction,long,"The body stands behind an invisible counter while the torso leans forward, then one arm moves in a rapid up-and-down motion as if chopping vegetables with an invisible knife. At this point, the other arm stays bent with the hand pressed flat on the imaginary surface to stabilize the invisible object, and the head looks down toward the hands. Finally, the moving arm stops and the torso straightens back into a relaxed standing posture.",text_dataset,6-invisible,text_dataset/6-invisible/028.txt,1
T2MB_0674,Interaction,Invisible-object interaction,long,"First, the body stands with feet close together, then both arms bend at the elbows and lift toward the chest as if cradling a small invisible pet like a cat. At this point, one hand moves in a steady rhythmic stroking motion from the chest toward the opposite shoulder while the head tilts down to look at the arms. Finally, both arms gently lower as if placing the invisible pet down and the body returns to a tall standing position.",text_dataset,6-invisible,text_dataset/6-invisible/029.txt,1
T2MB_0675,Interaction,Invisible-object interaction,long,"First, the body stands straight with the arms bent at the elbows, then the hands grip an invisible resistance band while the arms extend forcefully to the sides. At this point, the torso remains rigid and the legs are slightly bent to maintain balance against the imagined tension. Finally, the arms slowly return to the chest area while maintaining a controlled contraction of the muscles.",text_dataset,6-invisible,text_dataset/6-invisible/030.txt,1
T2MB_0676,Interaction,Invisible-object interaction,long,"First, the person stands with legs shoulder-width apart, then the right arm reaches forward to grasp the handle of an invisible frying pan while the left arm moves as if sprinkling seasoning. At this point, the right arm performs a rhythmic upward and backward flicking motion of the wrist and forearm to simulate stir-frying. Finally, the person brings both arms down to a relaxed position by the sides of the torso.",text_dataset,6-invisible,text_dataset/6-invisible/031.txt,1
T2MB_0677,Interaction,Invisible-object interaction,long,"First, the body prepares by lifting both arms to shoulder height with elbows bent as if holding an invisible resistance band behind the back, then the arms slowly push outward to the sides until they are fully extended. At this point, the torso muscles tighten to maintain balance against the imagined tension while the head stays aligned with the spine. Finally, the arms slowly return to the starting position by bending the elbows and the body relaxes into a natural stance.",text_dataset,6-invisible,text_dataset/6-invisible/032.txt,1
T2MB_0678,Interaction,Invisible-object interaction,long,"First, the person stands with one foot slightly in front of the other, then both arms extend forward at chest height as if gripping an invisible bow and arrow. At this point, the left arm remains locked straight forward while the right arm pulls backward toward the ear, causing the torso to twist slightly as if creating tension in the string. Finally, the right arm moves forward to its original position as the body returns to a relaxed stance.",text_dataset,6-invisible,text_dataset/6-invisible/033.txt,1
T2MB_0679,Interaction,Invisible-object interaction,long,"First, the person stands with the torso upright and feet together, then one arm reaches out to the side with the hand cupped as if holding an invisible cocktail glass. At this point, the head tilts slightly back while the arm lifts and tilts the hand toward the face to mimic taking a sip, while the other arm rests naturally at the side. Finally, the arm lowers the imagined glass back to chest height and the head returns to a forward-facing position.",text_dataset,6-invisible,text_dataset/6-invisible/034.txt,1
T2MB_0680,Interaction,Invisible-object interaction,long,"First, the body stands with arms bent at the elbows, then the hands grasp the handles of an invisible jump rope. At this point, the forearms make small circular motions to the sides while the legs perform small, rhythmic hops off the ground. Finally, the legs stop jumping and the arms lower to the sides of the body.",text_dataset,6-invisible,text_dataset/6-invisible/035.txt,1
T2MB_0681,Interaction,Invisible-object interaction,long,"First, the person stands with the torso slightly bent, then extends both arms downward while moving them in a back-and-forth motion as if pushing an invisible mop across the floor. At this point, the legs shift weight from side to side to follow the sweeping motion of the arms. Finally, the body stands upright and the arms drop to the sides maintaining a stable position.",text_dataset,6-invisible,text_dataset/6-invisible/036.txt,1
T2MB_0682,Interaction,Invisible-object interaction,long,"First, the body leans slightly forward and the knees bend, then one arm extends upward and forward while the other arm stays near the hip as if mimicking the release of an invisible basketball into a hoop. At this point, the legs push off the ground in a slight jump and the torso straightens. Finally, the body lands softly and returns to a natural standing posture.",text_dataset,6-invisible,text_dataset/6-invisible/037.txt,1
T2MB_0683,Interaction,Invisible-object interaction,long,"First, the body shifts weight to one leg while the torso twists slightly to the side, then the other leg swings forward and strikes an invisible soccer ball with force. At this point, the arms flare outward away from the torso to maintain balance during the kick. Finally, the kicking leg returns to the ground and the torso rotates back to the front.",text_dataset,6-invisible,text_dataset/6-invisible/038.txt,1
T2MB_0684,Interaction,Invisible-object interaction,long,"First, the person raises one arm high above the head while the torso tilts backward, then the raised arm swings downward in a sharp diagonal arc as if hitting an invisible badminton shuttlecock. At this point, the legs perform a quick step forward to follow through with the momentum. Finally, the body returns to a centered ready stance with the arms bent slightly at the elbows.",text_dataset,6-invisible,text_dataset/6-invisible/039.txt,1
T2MB_0685,Interaction,Invisible-object interaction,long,"First, the person sits with the torso straight and both arms extended forward at waist height, then the arms and shoulders move laterally to the left and right as if playing an invisible piano. At this point, the head tilts slightly downward toward the imagined keys while the legs remain still. Finally, the arms are withdrawn toward the torso and the person remains seated and stable.",text_dataset,6-invisible,text_dataset/6-invisible/040.txt,1
T2MB_0686,Interaction,Invisible-object interaction,long,"First, the person raises both arms to face level and brings them close to the head with elbows tucked in as if holding a professional camera. Then, the head tilts slightly to one side to align with an invisible viewfinder while the torso remains perfectly still. At this point, the body rotates slowly from the waist to pan across an invisible landscape. Finally, the arms lower and the head returns to a forward-looking position.",text_dataset,6-invisible,text_dataset/6-invisible/041.txt,1
T2MB_0687,Interaction,Invisible-object interaction,long,"First, the person stands with feet apart and both arms extended forward gripping an invisible handle, then the torso rotates forcefully to one side while the arms swing across the body in a wide horizontal arc as if swinging an invisible baseball bat. At this point, the back leg pivots on the ball of the foot to support the rotation. Finally, the arms finish the swing behind the opposite shoulder and the body returns to a front-facing stance.",text_dataset,6-invisible,text_dataset/6-invisible/042.txt,1
T2MB_0688,Interaction,Invisible-object interaction,long,"First, the person stands with one arm extended forward and the other arm pulled back near the ear as if drawing an invisible bowstring. Then, the torso remains rigid and steady while the head turns toward the extended arm. At this point, the rear arm moves backward slightly to simulate the release of an invisible arrow. Finally, both arms relax and drop to the sides while the person maintains a balanced stance.",text_dataset,6-invisible,text_dataset/6-invisible/043.txt,1
T2MB_0689,Interaction,Invisible-object interaction,long,"The individual stands with one foot forward and knees bent, while one arm performs a repetitive bouncing motion toward the ground as if dribbling an invisible basketball, followed by both arms lifting upward to release a shot.",text_dataset,6-invisible,text_dataset/6-invisible/044.txt,1
T2MB_0690,Interaction,Invisible-object interaction,long,"The body remains crouched with the torso leaning forward while both arms move in alternating circular patterns to the sides as if paddling an invisible kayak, with the head turning slightly to follow the rhythm of the strokes.",text_dataset,6-invisible,text_dataset/6-invisible/045.txt,1
T2MB_0691,Interaction,Invisible-object interaction,long,"First, the body stands with legs slightly apart, then the left arm extends forward with the hand positioned as if gripping the neck of an invisible guitar while the right arm bends at the elbow. The right arm performs a repeated rhythmic up and down swinging motion across the torso to mimic strumming strings, while the torso sways gently to the side. Finally, the arms drop to the sides and the body returns to a neutral standing position.",text_dataset,6-invisible,text_dataset/6-invisible/046.txt,1
T2MB_0692,Interaction,Invisible-object interaction,long,"The person stands with one foot forward and the torso leaning down, then the left arm extends forward to rest on an invisible surface. The right arm pulls backward with the elbow high and then thrusts forward in a straight line as if striking an invisible billiard ball with a cue stick. Finally, the person straightens the torso and pulls both arms back to the sides of the body.",text_dataset,6-invisible,text_dataset/6-invisible/047.txt,1
T2MB_0693,Interaction,Invisible-object interaction,long,"The body stands tall with the head tilted slightly to the left, then the left arm lifts and bends so the hand is near the shoulder as if supporting an invisible violin. The right arm extends to the side and moves back and forth in a horizontal motion across the front of the chest to mimic bowing. Finally, the arms are lowered and the head returns to a forward-facing position.",text_dataset,6-invisible,text_dataset/6-invisible/048.txt,1
T2MB_0694,Interaction,Invisible-object interaction,long,"The person stands with legs wide and the torso rotated toward the side, then both arms extend forward with the hands positioned as if gripping an invisible golf club. The arms swing backward and upward over the shoulder, then accelerate downward and across the front of the body in a wide arc while the torso rotates and the back leg pivots. Finally, the arms finish high over the opposite shoulder and the body remains balanced in the twisted pose.",text_dataset,6-invisible,text_dataset/6-invisible/049.txt,1
T2MB_0695,Interaction,Invisible-object interaction,long,"First, the body stands with legs slightly apart and both arms raised as if holding an invisible flute to the right side of the face, then the head turns slightly toward the right. At this point, the arms maintain a horizontal position while the torso remains still, simulating the posture required for the instrument. Finally, the arms lower and the head turns back to the center as the body relaxes.",text_dataset,6-invisible,text_dataset/6-invisible/050.txt,1
T2MB_0696,Interaction,Invisible-object interaction,short,A person reaches out and pulls an invisible rope hand over hand.,short_text_dataset,6-invisible,short_text_dataset/6-invisible/001.txt,1
T2MB_0697,Interaction,Invisible-object interaction,short,A figure pushes hard against an invisible wall with both hands.,short_text_dataset,6-invisible,short_text_dataset/6-invisible/002.txt,1
T2MB_0698,Interaction,Invisible-object interaction,short,"A man climbs an invisible ladder, reaching high with alternating arms.",short_text_dataset,6-invisible,short_text_dataset/6-invisible/003.txt,1
T2MB_0699,Interaction,Invisible-object interaction,short,A person holds an invisible umbrella against a strong wind.,short_text_dataset,6-invisible,short_text_dataset/6-invisible/004.txt,1
T2MB_0700,Interaction,Invisible-object interaction,short,A figure squats to lift an invisible heavy box from the floor.,short_text_dataset,6-invisible,short_text_dataset/6-invisible/005.txt,1
T2MB_0701,Interaction,Invisible-object interaction,short,"A person steers an invisible car, turning the wheel sharply.",short_text_dataset,6-invisible,short_text_dataset/6-invisible/006.txt,1
T2MB_0702,Interaction,Invisible-object interaction,short,A man carries a large invisible tray carefully with both hands.,short_text_dataset,6-invisible,short_text_dataset/6-invisible/007.txt,1
T2MB_0703,Interaction,Invisible-object interaction,short,A person swings an invisible baseball bat with full force.,short_text_dataset,6-invisible,short_text_dataset/6-invisible/008.txt,1
T2MB_0704,Interaction,Invisible-object interaction,short,A figure sits on an invisible chair and crosses their legs.,short_text_dataset,6-invisible,short_text_dataset/6-invisible/009.txt,1
T2MB_0705,Interaction,Invisible-object interaction,short,A person wraps arms around an invisible pillar and squeezes tightly.,short_text_dataset,6-invisible,short_text_dataset/6-invisible/010.txt,1
T2MB_0706,Interaction,Invisible-object interaction,short,A man drags an invisible heavy object across the floor.,short_text_dataset,6-invisible,short_text_dataset/6-invisible/011.txt,1
T2MB_0707,Interaction,Invisible-object interaction,short,A person plays a concerto on an invisible piano.,short_text_dataset,6-invisible,short_text_dataset/6-invisible/012.txt,1
T2MB_0708,Interaction,Invisible-object interaction,short,A figure casts an invisible fishing rod into the distance.,short_text_dataset,6-invisible,short_text_dataset/6-invisible/013.txt,1
T2MB_0709,Interaction,Invisible-object interaction,short,"A person walks an invisible dog, holding a leash tightly.",short_text_dataset,6-invisible,short_text_dataset/6-invisible/014.txt,1
T2MB_0710,Interaction,Invisible-object interaction,short,A man strums an invisible guitar while rocking back and forth.,short_text_dataset,6-invisible,short_text_dataset/6-invisible/015.txt,1
T2MB_0711,Interaction,Invisible-object interaction,short,A person eats invisible food with an invisible fork.,short_text_dataset,6-invisible,short_text_dataset/6-invisible/016.txt,1
T2MB_0712,Interaction,Invisible-object interaction,short,A figure dribbles an invisible basketball between their legs.,short_text_dataset,6-invisible,short_text_dataset/6-invisible/017.txt,1
T2MB_0713,Interaction,Invisible-object interaction,short,A person pumps an invisible bicycle pump with both hands.,short_text_dataset,6-invisible,short_text_dataset/6-invisible/018.txt,1
T2MB_0714,Interaction,Invisible-object interaction,short,A man holds an invisible phone to his ear and talks.,short_text_dataset,6-invisible,short_text_dataset/6-invisible/019.txt,1
T2MB_0715,Interaction,Invisible-object interaction,short,A person pushes an invisible heavy wheelbarrow forward.,short_text_dataset,6-invisible,short_text_dataset/6-invisible/020.txt,1
T2MB_0716,Interaction,Invisible-object interaction,short,A figure shovels dirt with an invisible shovel.,short_text_dataset,6-invisible,short_text_dataset/6-invisible/021.txt,1
T2MB_0717,Interaction,Invisible-object interaction,short,A person winds up and throws an invisible ball forward.,short_text_dataset,6-invisible,short_text_dataset/6-invisible/022.txt,1
T2MB_0718,Interaction,Invisible-object interaction,short,A man lifts a heavy invisible barbell over his head.,short_text_dataset,6-invisible,short_text_dataset/6-invisible/023.txt,1
T2MB_0719,Interaction,Invisible-object interaction,short,A person opens an invisible door and walks through it.,short_text_dataset,6-invisible,short_text_dataset/6-invisible/024.txt,1
T2MB_0720,Interaction,Invisible-object interaction,short,A figure types rapidly on an invisible computer keyboard.,short_text_dataset,6-invisible,short_text_dataset/6-invisible/025.txt,1
T2MB_0721,Interaction,Invisible-object interaction,short,"A person balances on an invisible tightrope, arms outstretched.",short_text_dataset,6-invisible,short_text_dataset/6-invisible/026.txt,1
T2MB_0722,Interaction,Invisible-object interaction,short,A man spins an invisible lasso above his head.,short_text_dataset,6-invisible,short_text_dataset/6-invisible/027.txt,1
T2MB_0723,Interaction,Invisible-object interaction,short,A person shoots an arrow from an invisible bow.,short_text_dataset,6-invisible,short_text_dataset/6-invisible/028.txt,1
T2MB_0724,Interaction,Invisible-object interaction,short,"A figure drinks from an invisible glass, tilting head back.",short_text_dataset,6-invisible,short_text_dataset/6-invisible/029.txt,1
T2MB_0725,Interaction,Invisible-object interaction,short,A person hugs an invisible person warmly.,short_text_dataset,6-invisible,short_text_dataset/6-invisible/030.txt,1
T2MB_0726,Interaction,Invisible-object interaction,short,A man cranks a large invisible handle in a circle.,short_text_dataset,6-invisible,short_text_dataset/6-invisible/031.txt,1
T2MB_0727,Interaction,Invisible-object interaction,short,A person puts on an invisible heavy backpack.,short_text_dataset,6-invisible,short_text_dataset/6-invisible/032.txt,1
T2MB_0728,Interaction,Invisible-object interaction,short,A figure spins an invisible hula hoop around their waist.,short_text_dataset,6-invisible,short_text_dataset/6-invisible/033.txt,1
T2MB_0729,Interaction,Invisible-object interaction,short,A person plays an invisible violin with a bow.,short_text_dataset,6-invisible,short_text_dataset/6-invisible/034.txt,1
T2MB_0730,Interaction,Invisible-object interaction,short,A man pulls an invisible sword from a scabbard.,short_text_dataset,6-invisible,short_text_dataset/6-invisible/035.txt,1
T2MB_0731,Interaction,Invisible-object interaction,short,A person carries two heavy invisible buckets of water.,short_text_dataset,6-invisible,short_text_dataset/6-invisible/036.txt,1
T2MB_0732,Interaction,Invisible-object interaction,short,A figure paints a wall with an invisible roller.,short_text_dataset,6-invisible,short_text_dataset/6-invisible/037.txt,1
T2MB_0733,Interaction,Invisible-object interaction,short,A person kneels and pets an invisible cat.,short_text_dataset,6-invisible,short_text_dataset/6-invisible/038.txt,1
T2MB_0734,Interaction,Invisible-object interaction,short,A man hammers a nail with an invisible hammer.,short_text_dataset,6-invisible,short_text_dataset/6-invisible/039.txt,1
T2MB_0735,Interaction,Invisible-object interaction,short,A person rows an invisible boat with two oars.,short_text_dataset,6-invisible,short_text_dataset/6-invisible/040.txt,1
T2MB_0736,Interaction,Invisible-object interaction,short,A figure juggles three invisible balls in the air.,short_text_dataset,6-invisible,short_text_dataset/6-invisible/041.txt,1
T2MB_0737,Interaction,Invisible-object interaction,short,A person puts on an invisible pair of glasses.,short_text_dataset,6-invisible,short_text_dataset/6-invisible/042.txt,1
T2MB_0738,Interaction,Invisible-object interaction,short,A man brushes his teeth with an invisible toothbrush.,short_text_dataset,6-invisible,short_text_dataset/6-invisible/043.txt,1
T2MB_0739,Interaction,Invisible-object interaction,short,A person holds an invisible baby and rocks it gently.,short_text_dataset,6-invisible,short_text_dataset/6-invisible/044.txt,1
T2MB_0740,Interaction,Invisible-object interaction,short,A figure leans elbows on an invisible counter.,short_text_dataset,6-invisible,short_text_dataset/6-invisible/045.txt,1
T2MB_0741,Interaction,Invisible-object interaction,short,A person performs pull-ups on an invisible bar.,short_text_dataset,6-invisible,short_text_dataset/6-invisible/046.txt,1
T2MB_0742,Interaction,Invisible-object interaction,short,A man swings an invisible golf club at a ball.,short_text_dataset,6-invisible,short_text_dataset/6-invisible/047.txt,1
T2MB_0743,Interaction,Invisible-object interaction,short,A person holds an invisible book and turns the pages.,short_text_dataset,6-invisible,short_text_dataset/6-invisible/048.txt,1
T2MB_0744,Interaction,Invisible-object interaction,short,A figure walks up a flight of invisible stairs.,short_text_dataset,6-invisible,short_text_dataset/6-invisible/049.txt,1
T2MB_0745,Interaction,Invisible-object interaction,short,A person tugs an invisible rope attached to their waist.,short_text_dataset,6-invisible,short_text_dataset/6-invisible/050.txt,1
T2MB_0746,Accuracy,Numerical,short,A person walks forward exactly three steps and stops.,short_text_dataset,9-numerical,short_text_dataset/9-numerical/001.txt,1
T2MB_0747,Accuracy,Numerical,short,Jumps up and down four times in a row.,short_text_dataset,9-numerical,short_text_dataset/9-numerical/002.txt,1
T2MB_0748,Accuracy,Numerical,short,Rotates body 90 degrees to the right one time.,short_text_dataset,9-numerical,short_text_dataset/9-numerical/003.txt,1
T2MB_0749,Accuracy,Numerical,short,Raises the left arm three times sideways.,short_text_dataset,9-numerical,short_text_dataset/9-numerical/004.txt,1
T2MB_0750,Accuracy,Numerical,short,Walks backward two steps then walks forward two steps.,short_text_dataset,9-numerical,short_text_dataset/9-numerical/005.txt,1
T2MB_0751,Accuracy,Numerical,short,Nods head up and down five times rapidly.,short_text_dataset,9-numerical,short_text_dataset/9-numerical/006.txt,1
T2MB_0752,Accuracy,Numerical,short,Kicks the right leg forward two times.,short_text_dataset,9-numerical,short_text_dataset/9-numerical/007.txt,1
T2MB_0753,Accuracy,Numerical,short,Turns 180 degrees to face the opposite direction.,short_text_dataset,9-numerical,short_text_dataset/9-numerical/008.txt,1
T2MB_0754,Accuracy,Numerical,short,Claps hands together three times above head.,short_text_dataset,9-numerical,short_text_dataset/9-numerical/009.txt,1
T2MB_0755,Accuracy,Numerical,short,A person squats down and stands up two times.,short_text_dataset,9-numerical,short_text_dataset/9-numerical/010.txt,1
T2MB_0756,Accuracy,Numerical,short,Punches forward four times alternating left and right.,short_text_dataset,9-numerical,short_text_dataset/9-numerical/011.txt,1
T2MB_0757,Accuracy,Numerical,short,Takes one step left and then one step right.,short_text_dataset,9-numerical,short_text_dataset/9-numerical/012.txt,1
T2MB_0758,Accuracy,Numerical,short,Lifts right knee up three times to waist height.,short_text_dataset,9-numerical,short_text_dataset/9-numerical/013.txt,1
T2MB_0759,Accuracy,Numerical,short,Rotates head 90 degrees left then 90 degrees right.,short_text_dataset,9-numerical,short_text_dataset/9-numerical/014.txt,1
T2MB_0760,Accuracy,Numerical,short,Walks in a circle taking exactly eight steps.,short_text_dataset,9-numerical,short_text_dataset/9-numerical/015.txt,1
T2MB_0761,Accuracy,Numerical,short,Hops on the left foot three times then stops.,short_text_dataset,9-numerical,short_text_dataset/9-numerical/016.txt,1
T2MB_0762,Accuracy,Numerical,short,Bends forward at the waist two distinct times.,short_text_dataset,9-numerical,short_text_dataset/9-numerical/017.txt,1
T2MB_0763,Accuracy,Numerical,short,Swings the right arm in a circle three times.,short_text_dataset,9-numerical,short_text_dataset/9-numerical/018.txt,1
T2MB_0764,Accuracy,Numerical,short,Steps forward four steps and turns 90 degrees left.,short_text_dataset,9-numerical,short_text_dataset/9-numerical/019.txt,1
T2MB_0765,Accuracy,Numerical,short,Shakes hand as if waving three times.,short_text_dataset,9-numerical,short_text_dataset/9-numerical/020.txt,1
T2MB_0766,Accuracy,Numerical,short,A person does two jumping jacks then stands still.,short_text_dataset,9-numerical,short_text_dataset/9-numerical/021.txt,1
T2MB_0767,Accuracy,Numerical,short,Lunges forward on right leg two times.,short_text_dataset,9-numerical,short_text_dataset/9-numerical/022.txt,1
T2MB_0768,Accuracy,Numerical,short,Twists torso to the left three times.,short_text_dataset,9-numerical,short_text_dataset/9-numerical/023.txt,1
T2MB_0769,Accuracy,Numerical,short,Walks sideways to the right for five steps.,short_text_dataset,9-numerical,short_text_dataset/9-numerical/024.txt,1
T2MB_0770,Accuracy,Numerical,short,Raises both heels off the ground four times.,short_text_dataset,9-numerical,short_text_dataset/9-numerical/025.txt,1
T2MB_0771,Accuracy,Numerical,short,Punches twice with the left hand only.,short_text_dataset,9-numerical,short_text_dataset/9-numerical/026.txt,1
T2MB_0772,Accuracy,Numerical,short,Turns 360 degrees in a full circle slowly.,short_text_dataset,9-numerical,short_text_dataset/9-numerical/027.txt,1
T2MB_0773,Accuracy,Numerical,short,Taps the right foot on the ground five times.,short_text_dataset,9-numerical,short_text_dataset/9-numerical/028.txt,1
T2MB_0774,Accuracy,Numerical,short,Lifts shoulders up and down three times.,short_text_dataset,9-numerical,short_text_dataset/9-numerical/029.txt,1
T2MB_0775,Accuracy,Numerical,short,Walks forward six steps and turns around.,short_text_dataset,9-numerical,short_text_dataset/9-numerical/030.txt,1
T2MB_0776,Accuracy,Numerical,short,Raises right leg to the side two times.,short_text_dataset,9-numerical,short_text_dataset/9-numerical/031.txt,1
T2MB_0777,Accuracy,Numerical,short,Bows deeply exactly one time.,short_text_dataset,9-numerical,short_text_dataset/9-numerical/032.txt,1
T2MB_0778,Accuracy,Numerical,short,Steps back three steps and halts.,short_text_dataset,9-numerical,short_text_dataset/9-numerical/033.txt,1
T2MB_0779,Accuracy,Numerical,short,Crosses arms and uncrosses them two times.,short_text_dataset,9-numerical,short_text_dataset/9-numerical/034.txt,1
T2MB_0780,Accuracy,Numerical,short,Spins around two times quickly.,short_text_dataset,9-numerical,short_text_dataset/9-numerical/035.txt,1
T2MB_0781,Accuracy,Numerical,short,Touches toes twice then reaches for the sky.,short_text_dataset,9-numerical,short_text_dataset/9-numerical/036.txt,1
T2MB_0782,Accuracy,Numerical,short,Marches in place for ten steps.,short_text_dataset,9-numerical,short_text_dataset/9-numerical/037.txt,1
T2MB_0783,Accuracy,Numerical,short,"Looks left, looks right, then looks left again.",short_text_dataset,9-numerical,short_text_dataset/9-numerical/038.txt,1
T2MB_0784,Accuracy,Numerical,short,Raises right hand two times then left hand two times.,short_text_dataset,9-numerical,short_text_dataset/9-numerical/039.txt,1
T2MB_0785,Accuracy,Numerical,short,Performs one push-up then stands up.,short_text_dataset,9-numerical,short_text_dataset/9-numerical/040.txt,1
T2MB_0786,Accuracy,Numerical,short,Skips forward four times.,short_text_dataset,9-numerical,short_text_dataset/9-numerical/041.txt,1
T2MB_0787,Accuracy,Numerical,short,Rotates wrists inward three times.,short_text_dataset,9-numerical,short_text_dataset/9-numerical/042.txt,1
T2MB_0788,Accuracy,Numerical,short,Kicks backward with left leg two times.,short_text_dataset,9-numerical,short_text_dataset/9-numerical/043.txt,1
T2MB_0789,Accuracy,Numerical,short,Walks three steps forward and three steps back.,short_text_dataset,9-numerical,short_text_dataset/9-numerical/044.txt,1
T2MB_0790,Accuracy,Numerical,short,Turns 45 degrees to the right.,short_text_dataset,9-numerical,short_text_dataset/9-numerical/045.txt,1
T2MB_0791,Accuracy,Numerical,short,Bends knees slightly three times in a rhythm.,short_text_dataset,9-numerical,short_text_dataset/9-numerical/046.txt,1
T2MB_0792,Accuracy,Numerical,short,Throws an imaginary ball two times.,short_text_dataset,9-numerical,short_text_dataset/9-numerical/047.txt,1
T2MB_0793,Accuracy,Numerical,short,Steps onto a box and down one time.,short_text_dataset,9-numerical,short_text_dataset/9-numerical/048.txt,1
T2MB_0794,Accuracy,Numerical,short,A person pivots 90 degrees on the right foot.,short_text_dataset,9-numerical,short_text_dataset/9-numerical/049.txt,1
T2MB_0795,Accuracy,Numerical,short,A person hops forward on the right foot three times.,short_text_dataset,9-numerical,short_text_dataset/9-numerical/050.txt,1
T2MB_0796,Accuracy,Numerical,accuracy,"The person stands still, then walks forward three steps and stops after the third step.",text_dataset,9-numerical,text_dataset/9-numerical/001.txt,1
T2MB_0797,Accuracy,Numerical,accuracy,"The person walks forward two steps, then rotates the body to the left by ninety degrees one time and remains standing.",text_dataset,9-numerical,text_dataset/9-numerical/002.txt,1
T2MB_0798,Accuracy,Numerical,accuracy,"The person stands still and nods the head downward three times, returning to the neutral position each time.",text_dataset,9-numerical,text_dataset/9-numerical/003.txt,1
T2MB_0799,Accuracy,Numerical,accuracy,"The person stands still and raises the right hand forward one time, then lowers it.",text_dataset,9-numerical,text_dataset/9-numerical/004.txt,1
T2MB_0800,Accuracy,Numerical,accuracy,"The person walks forward four steps, then rotates the body to the right by ninety degrees one time.",text_dataset,9-numerical,text_dataset/9-numerical/005.txt,1
T2MB_0801,Accuracy,Numerical,accuracy,"The person stands still and raises both arms forward two times, lowering them after each lift.",text_dataset,9-numerical,text_dataset/9-numerical/006.txt,1
T2MB_0802,Accuracy,Numerical,accuracy,"The person stands still and turns the head to the left by ninety degrees one time, then returns to facing forward.",text_dataset,9-numerical,text_dataset/9-numerical/007.txt,1
T2MB_0803,Accuracy,Numerical,accuracy,"The person walks forward one step, then nods the head two times.",text_dataset,9-numerical,text_dataset/9-numerical/008.txt,1
T2MB_0804,Accuracy,Numerical,accuracy,"The person stands still and raises the left hand to the side one time, then lowers it.",text_dataset,9-numerical,text_dataset/9-numerical/009.txt,1
T2MB_0805,Accuracy,Numerical,accuracy,"The person walks forward three steps, then rotates the body to the left by ninety degrees one time and stops.",text_dataset,9-numerical,text_dataset/9-numerical/010.txt,1
T2MB_0806,Accuracy,Numerical,accuracy,The person stands still and nods the head four times in succession.,text_dataset,9-numerical,text_dataset/9-numerical/011.txt,1
T2MB_0807,Accuracy,Numerical,accuracy,The person walks forward two steps and raises the right hand forward one time.,text_dataset,9-numerical,text_dataset/9-numerical/012.txt,1
T2MB_0808,Accuracy,Numerical,accuracy,"The person stands still and rotates the body to the right by ninety degrees one time, then remains motionless.",text_dataset,9-numerical,text_dataset/9-numerical/013.txt,1
T2MB_0809,Accuracy,Numerical,accuracy,The person stands still and raises the left hand forward two times.,text_dataset,9-numerical,text_dataset/9-numerical/014.txt,1
T2MB_0810,Accuracy,Numerical,accuracy,The person walks forward five steps and then stops.,text_dataset,9-numerical,text_dataset/9-numerical/015.txt,1
T2MB_0811,Accuracy,Numerical,accuracy,"The person stands still and turns the head to the right by ninety degrees one time, then returns to neutral.",text_dataset,9-numerical,text_dataset/9-numerical/016.txt,1
T2MB_0812,Accuracy,Numerical,accuracy,"The person stands still and raises the right hand upward one time, then lowers it.",text_dataset,9-numerical,text_dataset/9-numerical/017.txt,1
T2MB_0813,Accuracy,Numerical,accuracy,The person walks forward two steps and nods the head one time.,text_dataset,9-numerical,text_dataset/9-numerical/018.txt,1
T2MB_0814,Accuracy,Numerical,accuracy,The person stands still and raises both arms forward three times.,text_dataset,9-numerical,text_dataset/9-numerical/019.txt,1
T2MB_0815,Accuracy,Numerical,accuracy,The person walks forward one step and rotates the body to the left by ninety degrees one time.,text_dataset,9-numerical,text_dataset/9-numerical/020.txt,1
T2MB_0816,Accuracy,Numerical,accuracy,The person stands still and nods the head five times.,text_dataset,9-numerical,text_dataset/9-numerical/021.txt,1
T2MB_0817,Accuracy,Numerical,accuracy,"The person stands still, raises the left hand one time, then raises the right hand one time.",text_dataset,9-numerical,text_dataset/9-numerical/022.txt,1
T2MB_0818,Accuracy,Numerical,accuracy,"The person walks forward four steps, then stops and stands steadily.",text_dataset,9-numerical,text_dataset/9-numerical/023.txt,1
T2MB_0819,Accuracy,Numerical,accuracy,"The person stands still, rotates the body to the right by ninety degrees one time, then walks forward one step.",text_dataset,9-numerical,text_dataset/9-numerical/024.txt,1
T2MB_0820,Accuracy,Numerical,accuracy,The person stands still and raises the right hand forward two times.,text_dataset,9-numerical,text_dataset/9-numerical/025.txt,1
T2MB_0821,Accuracy,Numerical,accuracy,The person walks forward three steps and nods the head two times.,text_dataset,9-numerical,text_dataset/9-numerical/026.txt,1
T2MB_0822,Accuracy,Numerical,accuracy,The person stands still and turns the head to the left by ninety degrees one time.,text_dataset,9-numerical,text_dataset/9-numerical/027.txt,1
T2MB_0823,Accuracy,Numerical,accuracy,"The person stands still and raises both arms one time, then lowers them.",text_dataset,9-numerical,text_dataset/9-numerical/028.txt,1
T2MB_0824,Accuracy,Numerical,accuracy,The person walks forward two steps and rotates the body to the left by ninety degrees one time.,text_dataset,9-numerical,text_dataset/9-numerical/029.txt,1
T2MB_0825,Accuracy,Numerical,accuracy,"The person stands still, nods the head three times, then stops.",text_dataset,9-numerical,text_dataset/9-numerical/030.txt,1
T2MB_0826,Accuracy,Whole-body,accuracy,Swivels the entire body to the right reaching an angle of 75 degrees.,text_dataset,10-accuracy,text_dataset/10-accuracy/001.txt,1
T2MB_0827,Accuracy,Whole-body,accuracy,Executes a wide turn to the left covering exactly 100 degrees of rotation.,text_dataset,10-accuracy,text_dataset/10-accuracy/002.txt,1
T2MB_0828,Accuracy,Whole-body,accuracy,Performs a complete U-turn by rotating the body 180 degrees clockwise.,text_dataset,10-accuracy,text_dataset/10-accuracy/003.txt,1
T2MB_0829,Accuracy,Whole-body,accuracy,Adjusts standing orientation slightly by turning 20 degrees to the right side.,text_dataset,10-accuracy,text_dataset/10-accuracy/004.txt,1
T2MB_0830,Accuracy,Whole-body,accuracy,Spins rapidly in place completing a full 360-degree rotation to the left.,text_dataset,10-accuracy,text_dataset/10-accuracy/005.txt,1
T2MB_0831,Accuracy,Whole-body,accuracy,Makes a very subtle heading change of just 5 degrees to the left.,text_dataset,10-accuracy,text_dataset/10-accuracy/006.txt,1
T2MB_0832,Accuracy,Whole-body,accuracy,Turns sharply to face a direction exactly 90 degrees to the right.,text_dataset,10-accuracy,text_dataset/10-accuracy/007.txt,1
T2MB_0833,Accuracy,Whole-body,accuracy,Rotates the torso and hips to the left to reach 150 degrees.,text_dataset,10-accuracy,text_dataset/10-accuracy/008.txt,1
T2MB_0834,Accuracy,Whole-body,accuracy,Pivots on the ball of the foot 45 degrees to the right.,text_dataset,10-accuracy,text_dataset/10-accuracy/009.txt,1
T2MB_0835,Accuracy,Whole-body,accuracy,Changes direction by turning the body 225 degrees in a clockwise motion.,text_dataset,10-accuracy,text_dataset/10-accuracy/010.txt,1
T2MB_0836,Accuracy,Whole-body,accuracy,Shifts the facing angle to the left by exactly 30 degrees.,text_dataset,10-accuracy,text_dataset/10-accuracy/011.txt,1
T2MB_0837,Accuracy,Whole-body,accuracy,Orients the body to the right with a turn of 135 degrees.,text_dataset,10-accuracy,text_dataset/10-accuracy/012.txt,1
T2MB_0838,Accuracy,Whole-body,accuracy,Flips orientation completely by turning counter-clockwise 180 degrees to face rear.,text_dataset,10-accuracy,text_dataset/10-accuracy/013.txt,1
T2MB_0839,Accuracy,Whole-body,accuracy,Turns the body to the left side at a sharp 90-degree angle.,text_dataset,10-accuracy,text_dataset/10-accuracy/014.txt,1
T2MB_0840,Accuracy,Whole-body,accuracy,Rotates gently to the right covering a small angle of 10 degrees.,text_dataset,10-accuracy,text_dataset/10-accuracy/015.txt,1
T2MB_0841,Accuracy,Whole-body,accuracy,Angles the body towards the left by rotating exactly 60 degrees.,text_dataset,10-accuracy,text_dataset/10-accuracy/016.txt,1
T2MB_0842,Accuracy,Whole-body,accuracy,Swings the body around to the right to complete a 120-degree turn.,text_dataset,10-accuracy,text_dataset/10-accuracy/017.txt,1
T2MB_0843,Accuracy,Whole-body,accuracy,Marches forward with determination maintaining a speed of 1.8 meters per second.,text_dataset,10-accuracy,text_dataset/10-accuracy/018.txt,1
T2MB_0844,Accuracy,Whole-body,accuracy,Crawls very slowly along the ground at just 0.1 meters per second.,text_dataset,10-accuracy,text_dataset/10-accuracy/019.txt,1
T2MB_0845,Accuracy,Whole-body,accuracy,Bolts forward explosively reaching a top velocity of 9.5 meters per second.,text_dataset,10-accuracy,text_dataset/10-accuracy/020.txt,1
T2MB_0846,Accuracy,Whole-body,accuracy,Jogs lightly forward maintaining a comfortable pace of 2.8 meters per second.,text_dataset,10-accuracy,text_dataset/10-accuracy/021.txt,1
T2MB_0847,Accuracy,Whole-body,accuracy,Slides smoothly to the left side at a velocity of 1.5 m/s.,text_dataset,10-accuracy,text_dataset/10-accuracy/022.txt,1
T2MB_0848,Accuracy,Whole-body,accuracy,Runs straight ahead maintaining a consistent speed of 5.5 meters per second.,text_dataset,10-accuracy,text_dataset/10-accuracy/023.txt,1
T2MB_0849,Accuracy,Whole-body,accuracy,Walks forward at a standard pedestrian pace of 1.3 meters per second.,text_dataset,10-accuracy,text_dataset/10-accuracy/024.txt,1
T2MB_0850,Accuracy,Whole-body,accuracy,Dashes quickly towards the target reaching 7.0 meters per second.,text_dataset,10-accuracy,text_dataset/10-accuracy/025.txt,1
T2MB_0851,Accuracy,Whole-body,accuracy,Steps backward carefully maintaining a slow velocity of 0.6 meters per second.,text_dataset,10-accuracy,text_dataset/10-accuracy/026.txt,1
T2MB_0852,Accuracy,Whole-body,accuracy,Shuffles sideways to the right at a steady 1.0 meter per second.,text_dataset,10-accuracy,text_dataset/10-accuracy/027.txt,1
T2MB_0853,Accuracy,Whole-body,accuracy,Accelerates forward to achieve a running speed of 4.5 meters per second.,text_dataset,10-accuracy,text_dataset/10-accuracy/028.txt,1
T2MB_0854,Accuracy,Whole-body,accuracy,Moves forward with extreme caution at a speed of 0.4 m/s.,text_dataset,10-accuracy,text_dataset/10-accuracy/029.txt,1
T2MB_0855,Accuracy,Whole-body,accuracy,Walks briskly forward aiming for a velocity of 2.0 meters per second.,text_dataset,10-accuracy,text_dataset/10-accuracy/030.txt,1
T2MB_0856,Accuracy,Whole-body,accuracy,Sprints at near maximum effort reaching 8.5 meters per second.,text_dataset,10-accuracy,text_dataset/10-accuracy/031.txt,1
T2MB_0857,Accuracy,Whole-body,accuracy,Moves laterally to the left quickly at a rate of 3.2 m/s.,text_dataset,10-accuracy,text_dataset/10-accuracy/032.txt,1
T2MB_0858,Accuracy,Whole-body,accuracy,Advances forward steadily holding a velocity of 1.6 meters per second.,text_dataset,10-accuracy,text_dataset/10-accuracy/033.txt,1
T2MB_0859,Accuracy,Whole-body,accuracy,Walks forward continuously to cover a distance of exactly six meters.,text_dataset,10-accuracy,text_dataset/10-accuracy/034.txt,1
T2MB_0860,Accuracy,Whole-body,accuracy,Performs a standing jump forward clearing a gap of 1.2 meters.,text_dataset,10-accuracy,text_dataset/10-accuracy/035.txt,1
T2MB_0861,Accuracy,Whole-body,accuracy,Sprints down the track covering a total distance of thirty meters.,text_dataset,10-accuracy,text_dataset/10-accuracy/036.txt,1
T2MB_0862,Accuracy,Whole-body,accuracy,Takes a small step backward moving a distance of 0.8 meters.,text_dataset,10-accuracy,text_dataset/10-accuracy/037.txt,1
T2MB_0863,Accuracy,Whole-body,accuracy,Strolls forward casually traversing a path of exactly seven meters.,text_dataset,10-accuracy,text_dataset/10-accuracy/038.txt,1
T2MB_0864,Accuracy,Whole-body,accuracy,Slides laterally to the right covering a span of 2.5 meters.,text_dataset,10-accuracy,text_dataset/10-accuracy/039.txt,1
T2MB_0865,Accuracy,Whole-body,accuracy,Runs forward for a significant distance totaling forty meters without stopping.,text_dataset,10-accuracy,text_dataset/10-accuracy/040.txt,1
T2MB_0866,Accuracy,Whole-body,accuracy,Jogs ahead at a steady pace to cover eighteen meters of ground.,text_dataset,10-accuracy,text_dataset/10-accuracy/041.txt,1
T2MB_0867,Accuracy,Whole-body,accuracy,Moves forward purposefully to cross a distance of exactly nine meters.,text_dataset,10-accuracy,text_dataset/10-accuracy/042.txt,1
T2MB_0868,Accuracy,Whole-body,accuracy,Inches forward very slightly covering a distance of only 0.3 meters.,text_dataset,10-accuracy,text_dataset/10-accuracy/043.txt,1
T2MB_0869,Accuracy,Whole-body,accuracy,Leaps forward aggressively to cover a long distance of 3.5 meters.,text_dataset,10-accuracy,text_dataset/10-accuracy/044.txt,1
T2MB_0870,Accuracy,Whole-body,accuracy,Steps sideways to the left covering a distance of 1.8 meters.,text_dataset,10-accuracy,text_dataset/10-accuracy/045.txt,1
T2MB_0871,Accuracy,Whole-body,accuracy,Retreats backward steadily for a total distance of five meters.,text_dataset,10-accuracy,text_dataset/10-accuracy/046.txt,1
T2MB_0872,Accuracy,Whole-body,accuracy,Dashes forward quickly traversing a specific distance of twenty-five meters.,text_dataset,10-accuracy,text_dataset/10-accuracy/047.txt,1
T2MB_0873,Accuracy,Whole-body,accuracy,Walks in a straight line for a distance of eleven meters.,text_dataset,10-accuracy,text_dataset/10-accuracy/048.txt,1
T2MB_0874,Accuracy,Whole-body,accuracy,Crawls forward on hands and knees for a distance of 4.5 meters.,text_dataset,10-accuracy,text_dataset/10-accuracy/049.txt,1
T2MB_0875,Accuracy,Whole-body,accuracy,Takes a single precise step forward covering exactly 1.0 meter.,text_dataset,10-accuracy,text_dataset/10-accuracy/050.txt,1
T2MB_0876,Accuracy,Whole-body,accuracy,Adjusts heading slightly by angling the body 15 degrees to the left.,text_dataset,10-accuracy,text_dataset/10-accuracy/051.txt,1
T2MB_0877,Accuracy,Whole-body,accuracy,Executes a three-quarter spin to the right reaching 270 degrees.,text_dataset,10-accuracy,text_dataset/10-accuracy/052.txt,1
T2MB_0878,Accuracy,Whole-body,accuracy,Rotates the root orientation to the left by exactly 50 degrees.,text_dataset,10-accuracy,text_dataset/10-accuracy/053.txt,1
T2MB_0879,Accuracy,Whole-body,accuracy,Spins clockwise almost full circle stopping at 315 degrees.,text_dataset,10-accuracy,text_dataset/10-accuracy/054.txt,1
T2MB_0880,Accuracy,Whole-body,accuracy,Changes direction with a wide turn of 110 degrees to the left.,text_dataset,10-accuracy,text_dataset/10-accuracy/055.txt,1
T2MB_0881,Accuracy,Whole-body,accuracy,Turns around past the opposite side reaching 190 degrees right.,text_dataset,10-accuracy,text_dataset/10-accuracy/056.txt,1
T2MB_0882,Accuracy,Whole-body,accuracy,Rotates counter-clockwise significantly to complete a 330-degree turn.,text_dataset,10-accuracy,text_dataset/10-accuracy/057.txt,1
T2MB_0883,Accuracy,Whole-body,accuracy,Pivots firmly to the right side covering an angle of 80 degrees.,text_dataset,10-accuracy,text_dataset/10-accuracy/058.txt,1
T2MB_0884,Accuracy,Whole-body,accuracy,Executes a long rotation to the left stopping at 210 degrees.,text_dataset,10-accuracy,text_dataset/10-accuracy/059.txt,1
T2MB_0885,Accuracy,Whole-body,accuracy,Turns obliquely to the right covering exactly 145 degrees.,text_dataset,10-accuracy,text_dataset/10-accuracy/060.txt,1
T2MB_0886,Accuracy,Whole-body,accuracy,Shifts alignment slightly with a 10-degree turn to the left.,text_dataset,10-accuracy,text_dataset/10-accuracy/061.txt,1
T2MB_0887,Accuracy,Whole-body,accuracy,Adjusts standing angle by rotating 25 degrees to the right.,text_dataset,10-accuracy,text_dataset/10-accuracy/062.txt,1
T2MB_0888,Accuracy,Whole-body,accuracy,Performs a rotation exceeding a U-turn by reaching 200 degrees left.,text_dataset,10-accuracy,text_dataset/10-accuracy/063.txt,1
T2MB_0889,Accuracy,Whole-body,accuracy,Turns the body to a diagonal facing 55 degrees to the right.,text_dataset,10-accuracy,text_dataset/10-accuracy/064.txt,1
T2MB_0890,Accuracy,Whole-body,accuracy,Spins counter-clockwise almost returning to start at 350 degrees.,text_dataset,10-accuracy,text_dataset/10-accuracy/065.txt,1
T2MB_0891,Accuracy,Whole-body,accuracy,Changes facing direction by rotating 125 degrees to the right.,text_dataset,10-accuracy,text_dataset/10-accuracy/066.txt,1
T2MB_0892,Accuracy,Whole-body,accuracy,Pivots on the spot to face 40 degrees to the left.,text_dataset,10-accuracy,text_dataset/10-accuracy/067.txt,1
T2MB_0893,Accuracy,Whole-body,accuracy,Strolls forward leisurely maintaining a constant speed of 0.9 meters per second.,text_dataset,10-accuracy,text_dataset/10-accuracy/068.txt,1
T2MB_0894,Accuracy,Whole-body,accuracy,Runs forward efficiently maintaining a targeted velocity of 6.5 meters per second.,text_dataset,10-accuracy,text_dataset/10-accuracy/069.txt,1
T2MB_0895,Accuracy,Whole-body,accuracy,Sprints at absolute maximum capacity reaching 10.0 meters per second.,text_dataset,10-accuracy,text_dataset/10-accuracy/070.txt,1
T2MB_0896,Accuracy,Whole-body,accuracy,Crawls along the floor slowly at a speed of 0.2 meters per second.,text_dataset,10-accuracy,text_dataset/10-accuracy/071.txt,1
T2MB_0897,Accuracy,Whole-body,accuracy,Jogs forward at a relaxed training pace of 2.4 meters per second.,text_dataset,10-accuracy,text_dataset/10-accuracy/072.txt,1
T2MB_0898,Accuracy,Whole-body,accuracy,Steps sideways to the right maintaining a speed of 1.1 m/s.,text_dataset,10-accuracy,text_dataset/10-accuracy/073.txt,1
T2MB_0899,Accuracy,Whole-body,accuracy,Rushes forward urgently to hit a velocity of 5.8 meters per second.,text_dataset,10-accuracy,text_dataset/10-accuracy/074.txt,1
T2MB_0900,Accuracy,Whole-body,accuracy,Walks forward purposefully at a standard speed of 1.4 meters per second.,text_dataset,10-accuracy,text_dataset/10-accuracy/075.txt,1
T2MB_0901,Accuracy,Whole-body,accuracy,Dashes towards the finish line at a speed of 7.2 meters per second.,text_dataset,10-accuracy,text_dataset/10-accuracy/076.txt,1
T2MB_0902,Accuracy,Whole-body,accuracy,Moves backward cautiously maintaining a reverse velocity of 0.7 meters per second.,text_dataset,10-accuracy,text_dataset/10-accuracy/077.txt,1
T2MB_0903,Accuracy,Whole-body,accuracy,Charges ahead powerfully reaching a high speed of 8.8 meters per second.,text_dataset,10-accuracy,text_dataset/10-accuracy/078.txt,1
T2MB_0904,Accuracy,Whole-body,accuracy,Inches forward with great hesitation at 0.3 meters per second.,text_dataset,10-accuracy,text_dataset/10-accuracy/079.txt,1
T2MB_0905,Accuracy,Whole-body,accuracy,Runs at a sustainable medium pace of exactly 4.2 meters per second.,text_dataset,10-accuracy,text_dataset/10-accuracy/080.txt,1
T2MB_0906,Accuracy,Whole-body,accuracy,Slides laterally to the left quickly at 2.2 meters per second.,text_dataset,10-accuracy,text_dataset/10-accuracy/081.txt,1
T2MB_0907,Accuracy,Whole-body,accuracy,Power walks forward maintaining a brisk speed of 1.7 meters per second.,text_dataset,10-accuracy,text_dataset/10-accuracy/082.txt,1
T2MB_0908,Accuracy,Whole-body,accuracy,Jogs forward energetically at a rate of 3.8 meters per second.,text_dataset,10-accuracy,text_dataset/10-accuracy/083.txt,1
T2MB_0909,Accuracy,Whole-body,accuracy,Traverses a medium distance by walking forward exactly thirteen meters.,text_dataset,10-accuracy,text_dataset/10-accuracy/084.txt,1
T2MB_0910,Accuracy,Whole-body,accuracy,Executes a broad jump forward covering a distance of 2.2 meters.,text_dataset,10-accuracy,text_dataset/10-accuracy/085.txt,1
T2MB_0911,Accuracy,Whole-body,accuracy,Runs straight forward covering a long track distance of sixty meters.,text_dataset,10-accuracy,text_dataset/10-accuracy/086.txt,1
T2MB_0912,Accuracy,Whole-body,accuracy,Steps backward to create a gap of exactly 1.5 meters.,text_dataset,10-accuracy,text_dataset/10-accuracy/087.txt,1
T2MB_0913,Accuracy,Whole-body,accuracy,Shuffles sideways to the right covering a total span of 3.8 meters.,text_dataset,10-accuracy,text_dataset/10-accuracy/088.txt,1
T2MB_0914,Accuracy,Whole-body,accuracy,Takes a single large step forward to cover 0.6 meters.,text_dataset,10-accuracy,text_dataset/10-accuracy/089.txt,1
T2MB_0915,Accuracy,Whole-body,accuracy,Sprints forward rapidly to complete a distance of forty-five meters.,text_dataset,10-accuracy,text_dataset/10-accuracy/090.txt,1
T2MB_0916,Accuracy,Whole-body,accuracy,Jogs continuously forward to cover a distance of twenty-two meters.,text_dataset,10-accuracy,text_dataset/10-accuracy/091.txt,1
T2MB_0917,Accuracy,Whole-body,accuracy,Crawls forward a short distance covering exactly 1.2 meters of ground.,text_dataset,10-accuracy,text_dataset/10-accuracy/092.txt,1
T2MB_0918,Accuracy,Whole-body,accuracy,Walks towards the marker covering a distance of 8.5 meters.,text_dataset,10-accuracy,text_dataset/10-accuracy/093.txt,1
T2MB_0919,Accuracy,Whole-body,accuracy,Propels body forward in a huge leap covering 4.0 meters.,text_dataset,10-accuracy,text_dataset/10-accuracy/094.txt,1
T2MB_0920,Accuracy,Whole-body,accuracy,Moves laterally to the left side for a distance of 5.5 meters.,text_dataset,10-accuracy,text_dataset/10-accuracy/095.txt,1
T2MB_0921,Accuracy,Whole-body,accuracy,Runs forward quickly to cross a specific distance of sixteen meters.,text_dataset,10-accuracy,text_dataset/10-accuracy/096.txt,1
T2MB_0922,Accuracy,Whole-body,accuracy,Retreats backward quickly covering a distance of 2.8 meters.,text_dataset,10-accuracy,text_dataset/10-accuracy/097.txt,1
T2MB_0923,Accuracy,Whole-body,accuracy,Walks a considerable distance forward totaling thirty-five meters.,text_dataset,10-accuracy,text_dataset/10-accuracy/098.txt,1
T2MB_0924,Accuracy,Whole-body,accuracy,Shifts forward barely noticeable covering only 0.2 meters.,text_dataset,10-accuracy,text_dataset/10-accuracy/099.txt,1
T2MB_0925,Accuracy,Whole-body,accuracy,Sprints the full length of the field covering one hundred meters,text_dataset,10-accuracy,text_dataset/10-accuracy/100.txt,1
T2MB_0926,Accuracy,Body-part,accuracy,Rotates head left to right keeping chin exactly 15cm above the shoulders.,text_dataset,11-body-part,text_dataset/11-body-part/001.txt,1
T2MB_0927,Accuracy,Body-part,accuracy,Nods head fast bringing chin to within 8cm of the upper chest.,text_dataset,11-body-part,text_dataset/11-body-part/002.txt,1
T2MB_0928,Accuracy,Body-part,accuracy,Tilts head back until the skull is 10cm away from the upper back.,text_dataset,11-body-part,text_dataset/11-body-part/003.txt,1
T2MB_0929,Accuracy,Body-part,accuracy,"Shakes head refusing, keeping chin 12cm away from the neck center.",text_dataset,11-body-part,text_dataset/11-body-part/004.txt,1
T2MB_0930,Accuracy,Body-part,accuracy,Drops chin towards chest stopping with a 5cm gap remaining.,text_dataset,11-body-part,text_dataset/11-body-part/005.txt,1
T2MB_0931,Accuracy,Body-part,accuracy,Cocks head to the right reducing ear-to-shoulder distance to 12cm.,text_dataset,11-body-part,text_dataset/11-body-part/006.txt,1
T2MB_0932,Accuracy,Body-part,accuracy,Moves head in a circle keeping nose 10cm from the neck axis.,text_dataset,11-body-part,text_dataset/11-body-part/007.txt,1
T2MB_0933,Accuracy,Body-part,accuracy,Leans head forward so the face is 15cm in front of the chest.,text_dataset,11-body-part,text_dataset/11-body-part/008.txt,1
T2MB_0934,Accuracy,Body-part,accuracy,"Turns head down left, chin approaching to 6cm from left collarbone.",text_dataset,11-body-part,text_dataset/11-body-part/009.txt,1
T2MB_0935,Accuracy,Body-part,accuracy,Juts chin forward creating a 5cm distance forward from the neck.,text_dataset,11-body-part,text_dataset/11-body-part/010.txt,1
T2MB_0936,Accuracy,Body-part,accuracy,Extends left arm side until hand is 40cm away from the torso.,text_dataset,11-body-part,text_dataset/11-body-part/011.txt,1
T2MB_0937,Accuracy,Body-part,accuracy,Raises left hand bringing fingers to within 8cm of the scalp.,text_dataset,11-body-part,text_dataset/11-body-part/012.txt,1
T2MB_0938,Accuracy,Body-part,accuracy,Swings left arm so hand travels 25cm in front and behind hips.,text_dataset,11-body-part,text_dataset/11-body-part/013.txt,1
T2MB_0939,Accuracy,Body-part,accuracy,Punches straight forward extending fist 40cm from the chest.,text_dataset,11-body-part,text_dataset/11-body-part/014.txt,1
T2MB_0940,Accuracy,Body-part,accuracy,Waves left hand keeping it 15cm vertically above the head.,text_dataset,11-body-part,text_dataset/11-body-part/015.txt,1
T2MB_0941,Accuracy,Body-part,accuracy,Curls left bicep bringing fist to 12cm from the shoulder.,text_dataset,11-body-part,text_dataset/11-body-part/016.txt,1
T2MB_0942,Accuracy,Body-part,accuracy,Points left finger holding it 35cm away from the face.,text_dataset,11-body-part,text_dataset/11-body-part/017.txt,1
T2MB_0943,Accuracy,Body-part,accuracy,Holds left hand near hip with 8cm distance between palm and body.,text_dataset,11-body-part,text_dataset/11-body-part/018.txt,1
T2MB_0944,Accuracy,Body-part,accuracy,Stops gesture holding palm 30cm forward from the nose.,text_dataset,11-body-part,text_dataset/11-body-part/019.txt,1
T2MB_0945,Accuracy,Body-part,accuracy,Thrusts left elbow back creating 12cm distance from the spine.,text_dataset,11-body-part,text_dataset/11-body-part/020.txt,1
T2MB_0946,Accuracy,Body-part,accuracy,Reaches right arm across until hand is 5cm past the left shoulder.,text_dataset,11-body-part,text_dataset/11-body-part/021.txt,1
T2MB_0947,Accuracy,Body-part,accuracy,Throws imaginary ball extending hand 40cm from the shoulder joint.,text_dataset,11-body-part,text_dataset/11-body-part/022.txt,1
T2MB_0948,Accuracy,Body-part,accuracy,Salutes with right hand stopping 5cm from the right eyebrow.,text_dataset,11-body-part,text_dataset/11-body-part/023.txt,1
T2MB_0949,Accuracy,Body-part,accuracy,Raises right arm until hand is 35cm above the shoulder level.,text_dataset,11-body-part,text_dataset/11-body-part/024.txt,1
T2MB_0950,Accuracy,Body-part,accuracy,Swings right arm keeping hand 40cm from the body center constantly.,text_dataset,11-body-part,text_dataset/11-body-part/025.txt,1
T2MB_0951,Accuracy,Body-part,accuracy,Drinks from invisible cup holding hand 5cm from the mouth.,text_dataset,11-body-part,text_dataset/11-body-part/026.txt,1
T2MB_0952,Accuracy,Body-part,accuracy,Moves palm over stomach staying 5cm off the abdominal surface.,text_dataset,11-body-part,text_dataset/11-body-part/027.txt,1
T2MB_0953,Accuracy,Body-part,accuracy,Snaps fingers with hand positioned 10cm laterally from the right ear.,text_dataset,11-body-part,text_dataset/11-body-part/028.txt,1
T2MB_0954,Accuracy,Body-part,accuracy,Wags finger keeping it 25cm away from the eyes.,text_dataset,11-body-part,text_dataset/11-body-part/029.txt,1
T2MB_0955,Accuracy,Body-part,accuracy,Offers handshake extending hand 30cm forward from the torso.,text_dataset,11-body-part,text_dataset/11-body-part/030.txt,1
T2MB_0956,Accuracy,Body-part,accuracy,Bends forward bringing fingertips to within 20cm of the toes.,text_dataset,11-body-part,text_dataset/11-body-part/031.txt,1
T2MB_0957,Accuracy,Body-part,accuracy,Leans upper body left moving shoulder 10cm further from the hip plane.,text_dataset,11-body-part,text_dataset/11-body-part/032.txt,1
T2MB_0958,Accuracy,Body-part,accuracy,Twists torso right moving left shoulder 10cm forward from the chest plane.,text_dataset,11-body-part,text_dataset/11-body-part/033.txt,1
T2MB_0959,Accuracy,Body-part,accuracy,Arches back moving head 15cm away from the center of the chest.,text_dataset,11-body-part,text_dataset/11-body-part/034.txt,1
T2MB_0960,Accuracy,Body-part,accuracy,Body roll moving chest 5cm forward relative to the pelvis.,text_dataset,11-body-part,text_dataset/11-body-part/035.txt,1
T2MB_0961,Accuracy,Body-part,accuracy,Crunches abs bringing chest to within 30cm of the knees.,text_dataset,11-body-part,text_dataset/11-body-part/036.txt,1
T2MB_0962,Accuracy,Body-part,accuracy,Sways body moving shoulders 10cm laterally relative to the hips.,text_dataset,11-body-part,text_dataset/11-body-part/037.txt,1
T2MB_0963,Accuracy,Body-part,accuracy,Rotates hips moving pelvis in a 10cm diameter circle relative to the feet.,text_dataset,11-body-part,text_dataset/11-body-part/038.txt,1
T2MB_0964,Accuracy,Body-part,accuracy,Shrugs shoulders lifting them 5cm closer to the ears.,text_dataset,11-body-part,text_dataset/11-body-part/039.txt,1
T2MB_0965,Accuracy,Body-part,accuracy,Bows forward bringing forehead to within 35cm of the knees.,text_dataset,11-body-part,text_dataset/11-body-part/040.txt,1
T2MB_0966,Accuracy,Body-part,accuracy,Lifts left knee until it is 25cm below the chest level.,text_dataset,11-body-part,text_dataset/11-body-part/041.txt,1
T2MB_0967,Accuracy,Body-part,accuracy,Kicks left leg extending foot 45cm forward from the hip.,text_dataset,11-body-part,text_dataset/11-body-part/042.txt,1
T2MB_0968,Accuracy,Body-part,accuracy,Lunges forward stepping left foot 50cm away from the right foot.,text_dataset,11-body-part,text_dataset/11-body-part/043.txt,1
T2MB_0969,Accuracy,Body-part,accuracy,"Balances right, lifting left foot 10cm away from the right ankle backward.",text_dataset,11-body-part,text_dataset/11-body-part/044.txt,1
T2MB_0970,Accuracy,Body-part,accuracy,Squats wide placing left foot 30cm laterally from the right foot.,text_dataset,11-body-part,text_dataset/11-body-part/045.txt,1
T2MB_0971,Accuracy,Body-part,accuracy,Stomps right foot lifting it 10cm above the left foot level before impact.,text_dataset,11-body-part,text_dataset/11-body-part/046.txt,1
T2MB_0972,Accuracy,Body-part,accuracy,Extends right leg side holding foot 40cm from the left leg.,text_dataset,11-body-part,text_dataset/11-body-part/047.txt,1
T2MB_0973,Accuracy,Body-part,accuracy,Kneels right knee stopping exactly 5cm from the left ankle.,text_dataset,11-body-part,text_dataset/11-body-part/048.txt,1
T2MB_0974,Accuracy,Body-part,accuracy,Crosses right leg placing foot 8cm past the left foot.,text_dataset,11-body-part,text_dataset/11-body-part/049.txt,1
T2MB_0975,Accuracy,Body-part,accuracy,Roundhouse kick foot passing 0.8 meters through the air arc relative to the hip.,text_dataset,11-body-part,text_dataset/11-body-part/050.txt,1
T2MB_0976,Accuracy,Body-part,accuracy,Rotates right foot keeping the toes 15cm away from the left ankle.,text_dataset,11-body-part,text_dataset/11-body-part/051.txt,1
T2MB_0977,Accuracy,Body-part,accuracy,Slides right foot back creating a 40cm stance length.,text_dataset,11-body-part,text_dataset/11-body-part/052.txt,1
T2MB_0978,Accuracy,Body-part,accuracy,Taps right toe 15cm behind the left heel.,text_dataset,11-body-part,text_dataset/11-body-part/053.txt,1
T2MB_0979,Accuracy,Body-part,accuracy,Steps right foot forward 40cm and bends knee into lunge.,text_dataset,11-body-part,text_dataset/11-body-part/054.txt,1
T2MB_0980,Accuracy,Body-part,accuracy,Hovers palms over ears maintaining a 5cm gap to the head.,text_dataset,11-body-part,text_dataset/11-body-part/055.txt,1
T2MB_0981,Accuracy,Body-part,accuracy,Holds hand under chin keeping 4cm distance between surfaces.,text_dataset,11-body-part,text_dataset/11-body-part/056.txt,1
T2MB_0982,Accuracy,Body-part,accuracy,Moves finger over head keeping 4cm above the scalp surface.,text_dataset,11-body-part,text_dataset/11-body-part/057.txt,1
T2MB_0983,Accuracy,Body-part,accuracy,Circles palm in front of the face maintaining a 10cm gap.,text_dataset,11-body-part,text_dataset/11-body-part/058.txt,1
T2MB_0984,Accuracy,Body-part,accuracy,Slaps towards forehead stopping hand 8cm before impact.,text_dataset,11-body-part,text_dataset/11-body-part/059.txt,1
T2MB_0985,Accuracy,Body-part,accuracy,Holds phone hand maintaining 3cm distance from the ear.,text_dataset,11-body-part,text_dataset/11-body-part/060.txt,1
T2MB_0986,Accuracy,Body-part,accuracy,Covers mouth hands hovering 4cm away from the lips.,text_dataset,11-body-part,text_dataset/11-body-part/061.txt,1
T2MB_0987,Accuracy,Body-part,accuracy,Leans cheek towards fist leaving 5cm gap supporting no weight.,text_dataset,11-body-part,text_dataset/11-body-part/062.txt,1
T2MB_0988,Accuracy,Body-part,accuracy,Crosses arms keeping them 8cm away from the chest.,text_dataset,11-body-part,text_dataset/11-body-part/063.txt,1
T2MB_0989,Accuracy,Body-part,accuracy,Hands near hips keeping 8cm space between palms and waist.,text_dataset,11-body-part,text_dataset/11-body-part/064.txt,1
T2MB_0990,Accuracy,Body-part,accuracy,Moves hand in 15cm circles hovering 8cm above stomach.,text_dataset,11-body-part,text_dataset/11-body-part/065.txt,1
T2MB_0991,Accuracy,Body-part,accuracy,Clasps hands behind back extending them 8cm away from spine.,text_dataset,11-body-part,text_dataset/11-body-part/066.txt,1
T2MB_0992,Accuracy,Body-part,accuracy,Self hug gesture keeping arms 8cm distance from the ribs.,text_dataset,11-body-part,text_dataset/11-body-part/067.txt,1
T2MB_0993,Accuracy,Body-part,accuracy,Brushes over shoulder moving fingers 5cm above the fabric.,text_dataset,11-body-part,text_dataset/11-body-part/068.txt,1
T2MB_0994,Accuracy,Body-part,accuracy,Places hand near heart palm hovering 5cm off chest.,text_dataset,11-body-part,text_dataset/11-body-part/069.txt,1
T2MB_0995,Accuracy,Body-part,accuracy,Hands hover near pockets maintaining 8cm distance from pants.,text_dataset,11-body-part,text_dataset/11-body-part/070.txt,1
T2MB_0996,Accuracy,Body-part,accuracy,Bends forward hand reaching towards toe stopping at 20cm from the foot.,text_dataset,11-body-part,text_dataset/11-body-part/071.txt,1
T2MB_0997,Accuracy,Body-part,accuracy,Moves hand to slap thigh stopping 8cm above surface.,text_dataset,11-body-part,text_dataset/11-body-part/072.txt,1
T2MB_0998,Accuracy,Body-part,accuracy,Hugs knee bringing it to within 10cm of the chest.,text_dataset,11-body-part,text_dataset/11-body-part/073.txt,1
T2MB_0999,Accuracy,Body-part,accuracy,Leans elbow towards knee maintaining 10cm gap while sitting.,text_dataset,11-body-part,text_dataset/11-body-part/074.txt,1
T2MB_1000,Accuracy,Body-part,accuracy,Reaches for shoe stopping hands 10cm away from the laces.,text_dataset,11-body-part,text_dataset/11-body-part/075.txt,1
T2MB_1001,Accuracy,Body-part,accuracy,Reaches for ankle stopping hand 8cm away from skin.,text_dataset,11-body-part,text_dataset/11-body-part/076.txt,1
T2MB_1002,Accuracy,Body-part,accuracy,Bounces hands over knees maintaining 8cm vertical gap.,text_dataset,11-body-part,text_dataset/11-body-part/077.txt,1
T2MB_1003,Accuracy,Body-part,accuracy,Reaches behind back stopping hand 10cm from the heel.,text_dataset,11-body-part,text_dataset/11-body-part/078.txt,1
T2MB_1004,Accuracy,Body-part,accuracy,Crosses legs keeping 8cm gap between the knees standing.,text_dataset,11-body-part,text_dataset/11-body-part/079.txt,1
T2MB_1005,Accuracy,Body-part,accuracy,Brings heels together stopping with 5cm gap between them.,text_dataset,11-body-part,text_dataset/11-body-part/080.txt,1
T2MB_1006,Accuracy,Body-part,accuracy,Meditation pose feet hovering 10cm above opposite thighs.,text_dataset,11-body-part,text_dataset/11-body-part/081.txt,1
T2MB_1007,Accuracy,Body-part,accuracy,Moves foot up and down leg keeping 8cm distance from calf.,text_dataset,11-body-part,text_dataset/11-body-part/082.txt,1
T2MB_1008,Accuracy,Body-part,accuracy,Ankle near knee hovering with 8cm distance between joints.,text_dataset,11-body-part,text_dataset/11-body-part/083.txt,1
T2MB_1009,Accuracy,Body-part,accuracy,Jumps with feet close keeping 15cm separation in air.,text_dataset,11-body-part,text_dataset/11-body-part/084.txt,1
T2MB_1010,Accuracy,Body-part,accuracy,Lifts right foot and holds it 12cm behind the left knee.,text_dataset,11-body-part,text_dataset/11-body-part/085.txt,1
T2MB_1011,Accuracy,Body-part,accuracy,Feet soles facing with 8cm gap and knees 30cm apart.,text_dataset,11-body-part,text_dataset/11-body-part/086.txt,1
T2MB_1012,Accuracy,Body-part,accuracy,Crunch bringing elbow towards knee leaving 15cm gap.,text_dataset,11-body-part,text_dataset/11-body-part/087.txt,1
T2MB_1013,Accuracy,Body-part,accuracy,Curls up bringing hands to within 10cm of the shins.,text_dataset,11-body-part,text_dataset/11-body-part/088.txt,1
T2MB_1014,Accuracy,Body-part,accuracy,Reaches left hand across stopping 8cm from right hip.,text_dataset,11-body-part,text_dataset/11-body-part/089.txt,1
T2MB_1015,Accuracy,Body-part,accuracy,Claps under leg hands meeting 10cm below the raised thigh.,text_dataset,11-body-part,text_dataset/11-body-part/090.txt,1
T2MB_1016,Accuracy,Body-part,accuracy,Lunge stretch extending arms 1.0 meters from finger to finger.,text_dataset,11-body-part,text_dataset/11-body-part/091.txt,1
T2MB_1017,Accuracy,Body-part,accuracy,Thinker pose hand near chin and elbow near knee with 8cm gaps.,text_dataset,11-body-part,text_dataset/11-body-part/092.txt,1
T2MB_1018,Accuracy,Body-part,accuracy,Start pose hands hovering 5cm from the knees 30cm apart.,text_dataset,11-body-part,text_dataset/11-body-part/093.txt,1
T2MB_1019,Accuracy,Body-part,accuracy,Victory jump hands 30cm above head and feet 40cm apart.,text_dataset,11-body-part,text_dataset/11-body-part/094.txt,1
T2MB_1020,Accuracy,Body-part,accuracy,Lifts left foot 10cm laterally away from the right ankle.,text_dataset,11-body-part,text_dataset/11-body-part/095.txt,1
T2MB_1021,Accuracy,Body-part,accuracy,Extends left foot 10cm forward relative to the right toe.,text_dataset,11-body-part,text_dataset/11-body-part/096.txt,1
T2MB_1022,Accuracy,Body-part,accuracy,Brings left foot 15cm closer to the right knee while sitting.,text_dataset,11-body-part,text_dataset/11-body-part/097.txt,1
T2MB_1023,Accuracy,Body-part,accuracy,Raises left heel until it is 5cm above the right ankle height.,text_dataset,11-body-part,text_dataset/11-body-part/098.txt,1
T2MB_1024,Accuracy,Body-part,accuracy,Swings left knee 12cm across the midline toward the right thigh.,text_dataset,11-body-part,text_dataset/11-body-part/099.txt,1
T2MB_1025,Accuracy,Body-part,accuracy,Pulls right heel 10cm closer to the glutes.,text_dataset,11-body-part,text_dataset/11-body-part/100.txt,1
